product_id,product_name,category,supplier_id,supplier_name,stock_quantity,reorder_level,reorder_quantity,unit_price,date_received,last_order_date,expiration_date,warehouse_location,sales_volume,inventory_turnover_rate,status,category_was_missing,product_id_ok,supplier_id_ok,row_hash
29-205-1132,Sushi Rice,Grains & Pulses,38-037-1699,Jaxnation,22,72,70,4.5,2024-08-16,2024-06-29,2024-09-19,48 Del Sol Trail,32,19,Discontinued,False,True,True,1cf0dbbd3496a772b8fd06ac4052204d364c7b3bd955fb18813f72702fa2950d
40-681-9981,Arabica Coffee,Beverages,54-470-2479,Feedmix,45,77,2,20.0,2024-11-01,2024-05-29,2024-05-08,36 3rd Place,85,1,Discontinued,False,True,True,48e5ae7afaff3eaf08b6a43de04b92bee001df3ec30a9c40a1ede63c318028a5
06-955-3428,Black Rice,Grains & Pulses,54-031-2945,Vinder,30,38,83,6.0,2024-08-03,2024-06-10,2024-09-22,3296 Walton Court,31,34,Backordered,False,True,True,0b5c13e861e0b89b5c89c4256fb80fb95e9d0a2aaa8c8eafbc057737b2b5b956
71-594-6552,Long Grain Rice,Grains & Pulses,63-492-7603,Brightbean,12,59,62,1.5,2024-12-08,2025-02-19,2024-04-17,3 Westerfield Crossing,95,99,Active,False,True,True,a4e56e2d6a6f0a5f888f42f01bb5ab0e275a0c8c6da2ae0a6df310ef26d513ee
57-437-1828,Plum,Fruits & Vegetables,54-226-4308,Topicstorm,37,30,74,4.0,2024-07-03,2024-10-11,2024-10-05,15068 Scoville Court,62,25,Backordered,False,True,True,dc0070c7c9a6fc4ce9b4796f2106bf86ed3f7c38a92bc941bce8a5893626f37c
21-120-6238,All-Purpose Flour,Grains & Pulses,86-292-4587,Dabjam,55,33,14,1.75,2024-12-03,2024-05-26,2024-09-05,050 Mcbride Avenue,34,62,Discontinued,False,True,True,256e838e78440601a5e8e72668a8566d570158aa03c1dec2c6d95def4e00d0fe
71-516-1996,Corn Oil,Oils & Fats,04-391-7610,Tagfeed,96,52,16,2.5,2024-03-18,2024-05-07,2024-06-20,12 Truax Court,67,13,Active,False,True,True,3d46d45ea8a82e95649728fbffeac8cbd2547aa180a2c6df5bd76a4075764d14
39-629-5554,Egg (Goose),Dairy,67-679-4930,Muxo,44,90,17,2.5,2025-02-03,2024-04-09,2025-02-05,267 International Plaza,21,91,Discontinued,False,True,True,30405699b5829d9e8a9e975dc955e6e34829fd972b6aee427c27f9df97d5f214
66-268-8345,Greek Yogurt,Dairy,32-182-1895,Thoughtstorm,91,84,11,3.0,2024-12-04,2024-06-02,2025-01-08,550 Clemons Plaza,56,90,Active,False,True,True,7172a5b733f2cbe34bf637d1eb61d620ed5d441df5c44514d2028d79a0b8a39b
46-452-9419,Egg (Duck),Dairy,67-137-4215,Wordify,43,10,15,1.0,2024-11-18,2024-11-14,2024-07-08,55782 Welch Hill,27,69,Active,False,True,True,256a1a4a4779294358022dd167363c100ac48abb6dd29cc755d04a77325aac46
51-469-4611,Long Grain Rice,Grains & Pulses,62-029-0827,Fivebridge,62,81,91,1.6,2024-12-18,2024-05-24,2025-01-07,04776 Saint Paul Park,100,42,Discontinued,False,True,True,efdafc4870b14a31e23ff7d414938e7fb241f534f846b960973d17650cd72b28
42-220-9305,White Sugar,Grains & Pulses,56-092-7992,Zooxo,91,98,6,2.0,2024-10-19,2024-12-11,2024-10-14,61932 Cascade Crossing,100,20,Backordered,False,True,True,de32acd6365ce21c9bf8a342dc486b26dbaa9f8eed8dfddd789ca7ed3eac2594
75-094-1179,Rye Bread,Bakery,57-615-0729,Vitz,26,79,31,3.0,2024-12-13,2025-02-09,2024-07-18,13 Forest Run Place,47,41,Discontinued,False,True,True,e10d411e8e0ad32165d1aec34564ce8952d6e69fa5c07970ecc49e31d2dddf58
11-073-0189,Plum,Fruits & Vegetables,75-190-3627,Voomm,95,50,76,4.0,2024-04-05,2024-09-21,2024-05-06,5104 Jana Court,69,5,Active,False,True,True,c4a47bef87bff6856bd9772c48caf66ee5f04d7ff95d61d2481484524ce0dd3c
22-621-2774,Strawberries,Fruits & Vegetables,70-901-6191,Babblestorm,54,26,16,6.0,2024-03-11,2024-06-30,2024-06-14,00 Drewry Court,63,97,Active,False,True,True,7690924ebf69f1fa8230bec4e9090bce42a0f2c8f97aae6299ab169f128476e1
39-449-0772,Feta Cheese,Dairy,84-504-7617,Youfeed,94,13,15,7.0,2024-02-27,2024-04-02,2024-10-05,195 Portage Junction,20,24,Backordered,False,True,True,7bb4778330c9e1ad786da2300264aacf1a95b6c6b97cbaaab5d97e45d4d36dbe
55-936-2406,Bread Flour,Grains & Pulses,29-689-5014,Mynte,27,93,88,1.5,2024-11-16,2024-03-09,2024-04-05,52691 8th Drive,66,13,Active,False,True,True,59c4543116bda4765c7842020bf807c7d8a13f0b3e76644f94721c43737506aa
82-041-7211,Swiss Cheese,Dairy,03-615-0558,Reallinks,49,49,26,8.0,2024-09-10,2024-05-19,2024-07-01,285 1st Park,78,61,Discontinued,False,True,True,e2b4913476a3f5c288eac70aa897ad6cb1e2c246c52fe91f73e0192dbc847f5a
48-414-6162,Arabica Coffee,Beverages,10-060-8515,Skivee,55,93,84,20.0,2024-05-29,2024-11-08,2024-05-05,17780 Lindbergh Junction,46,84,Active,False,True,True,53392c3ade550ec854eceab0b00bd2bbfbc170841a95088b2848d0b644a6986a
76-854-0095,White Sugar,Grains & Pulses,38-883-3382,Mydeo,65,61,82,2.0,2024-05-31,2025-02-08,2024-12-28,7834 Cordelia Alley,29,11,Backordered,False,True,True,1564d3e391a83d9d66a6c15044566c3148d11ad3cf48abe7c9d9a3774e6e50a3
25-349-7974,Spinach,Fruits & Vegetables,82-737-6019,Devshare,72,70,99,2.5,2024-10-07,2024-05-28,2024-06-22,42 Bunker Hill Junction,82,32,Discontinued,False,True,True,d83ddae6136b7df1158ca5f9fd218916d7bff0a8b4a3194a8c86f0034340ceb9
66-627-9752,Trout,Seafood,87-839-6400,Jabbertype,49,73,48,12.0,2024-08-17,2024-10-01,2024-09-03,08 Randy Junction,52,62,Active,False,True,True,d8b228960455896a9b1c479321cb45fe5ff0cc759172f5daeea5c98ef177e908
78-614-4402,Green Beans,Fruits & Vegetables,51-014-4287,Gigazoom,81,99,28,2.0,2024-09-30,2025-02-14,2024-04-25,37 Browning Trail,20,85,Discontinued,False,True,True,37dd82fb5827640380601650f08eac6b6ffef763f150f88a8e2cfd9b3dffe46c
67-025-1245,Cabbage,Fruits & Vegetables,28-575-0716,Chatterbridge,88,46,55,1.0,2024-04-09,2024-03-06,2024-08-12,51890 Lindbergh Terrace,73,63,Active,False,True,True,fad9fc61961bd1f689ad1a45c3209ddcd2a96a6235636298c3002e83dc10c1ac
68-418-6724,Parmesan Cheese,Dairy,75-465-6257,Feedspan,63,4,85,12.0,2024-12-21,2025-01-13,2024-09-30,49869 Bunker Hill Terrace,59,71,Active,False,True,True,c9e9e89f9123f2eafa84026bdd6005a0565f45fe655c1e2acd31ed6880004be6
40-795-0753,Raw Sugar,Grains & Pulses,47-183-4911,Mydo,31,43,80,1.5,2024-05-28,2025-02-22,2024-05-30,66879 Susan Place,46,78,Backordered,False,True,True,dae61a857b6b6bb6108921634b5cd76373cc69aeb16c56d54e7fbc71b0ce0548
02-508-3777,Egg (Quail),Dairy,69-933-2582,Realpoint,97,88,81,0.8,2024-11-05,2024-07-07,2024-06-26,895 Northland Hill,97,18,Discontinued,False,True,True,c8cb4360de69a3f66c3af040d704e04b0fff57c8a263a31d766bd4c4f28fe95d
79-741-0770,Mushrooms,Fruits & Vegetables,67-771-7656,Photospace,72,87,39,6.0,2024-06-24,2025-02-24,2024-03-17,91 Kinsman Terrace,94,57,Active,False,True,True,dfcc0caf66da98ac9af8d805ea6564fb816507082afa487e229c471925bdb744
31-211-5803,Oatmeal Biscuit,Bakery,75-503-9347,Gigazoom,16,9,32,5.0,2024-07-16,2024-08-21,2025-02-07,492 Shoshone Road,50,98,Backordered,False,True,True,c60eb277817a4fde92009eb81f86fce6dd60affb9a474012a5f2fb91c915d61e
16-499-5059,Pear,Fruits & Vegetables,09-090-6360,Centizu,77,20,5,4.5,2024-08-18,2024-11-19,2024-12-20,3 Hooker Way,61,62,Discontinued,False,True,True,4033e9a77b5b315a6808326b2c1b4392e530cdf47a6526565383f7c09645507e
76-340-4432,Cucumber,Fruits & Vegetables,79-915-4185,Brainverse,19,36,72,1.75,2024-05-03,2024-03-28,2024-03-06,157 David Center,31,81,Backordered,False,True,True,d23d1aae81959413d439fceaa6b44eb98d5b189b3b33dd22788053ebd1b43b29
38-732-7667,Pineapple,Fruits & Vegetables,88-663-3393,Photojam,18,52,22,3.5,2024-08-23,2024-10-13,2024-09-28,3645 Ridge Oak Drive,42,32,Backordered,False,True,True,6a5cb75fa19251d5073dc50d28110628dea8bd093c9ca2f531377d3d7a39e984
04-240-2226,Olive Oil,Oils & Fats,65-842-6819,Kamba,47,48,73,6.0,2024-08-13,2024-06-28,2024-03-05,504 Green Park,42,51,Discontinued,False,True,True,3af09b8759916e92675ecb5736ead10773d6a37da0ac63d23342736035c8705c
79-136-9840,Herbal Tea,Beverages,07-809-0926,Pixonyx,77,45,75,30.0,2024-11-05,2024-08-19,2024-06-23,26175 Oxford Way,25,37,Discontinued,False,True,True,1868426e518a58739185d421bf05e1a7143197e9f7e42fce463870c2d31ac768
73-401-5721,Haddock,Seafood,38-622-5251,Midel,46,28,73,9.0,2024-05-28,2024-10-28,2024-12-26,582 Sauthoff Crossing,65,57,Discontinued,False,True,True,61c7afa68d70a3b1dd1504cb10257f62f8e06da8f6c4bf4b0e643f2b809df59f
91-848-0606,Onion,Fruits & Vegetables,68-836-0350,Skyble,39,22,73,2.0,2024-06-11,2024-07-23,2024-10-28,13 Corscot Hill,60,2,Active,False,True,True,e112bc388da7d875a53d8475a394ffc8bf163d42ccbe7cea5c699f048c0b6488
54-109-8062,Sushi Rice,Grains & Pulses,04-726-3363,Linklinks,75,69,100,4.5,2024-07-11,2025-01-19,2025-02-16,67 Little Fleur Road,43,18,Backordered,False,True,True,7016f899d937a54f81bc953f0119cb8d3578d36345bb1536ac772a520faf0889
70-612-2531,Pineapple,Fruits & Vegetables,94-217-4781,Flipbug,48,48,39,3.45,2024-03-17,2025-01-25,2024-10-30,4 Raven Drive,51,50,Discontinued,False,True,True,1f5beb1ea6829c10d270cd0f25f4d440988d4d21e387e26dbf85a92d6e39cc2f
26-161-6692,Zucchini,Fruits & Vegetables,61-796-7912,Kare,61,90,26,2.5,2024-12-22,2024-09-07,2024-09-19,70001 Vahlen Lane,79,84,Discontinued,False,True,True,d59f8b4a82c3db1673f519afc8ff832cdcab61ece23f8ca4695dc20d56ef07f1
43-893-5408,Short Grain Rice,Grains & Pulses,25-414-2945,Snaptags,60,90,85,3.0,2025-01-21,2024-03-20,2024-08-24,6 Orin Place,47,9,Discontinued,False,True,True,42e87078437537d6c1f2c43b60ead43eb54aa63c88c68087dbedf43033d4cd1b
11-316-8405,Mango,Fruits & Vegetables,50-918-1373,Twitternation,24,55,51,5.0,2024-04-26,2025-02-24,2024-11-25,108 Morning Center,39,15,Discontinued,False,True,True,26cc5552814d21982380ab12aefec045c75f0ec44bf59fd7fd55befd761d7f34
34-086-3222,Lemon,Fruits & Vegetables,34-017-9457,Layo,12,7,48,2.3,2024-06-24,2024-12-25,2024-06-05,867 Merrick Place,66,4,Discontinued,False,True,True,1e8ef3e1b8b01af2a8d79bf7994a02a447a739e3064cf2145da54c6c5e65f994
21-816-1004,Black Coffee,Beverages,68-482-4786,Realpoint,84,13,88,15.0,2025-01-26,2024-12-04,2024-07-22,564 Hazelcrest Crossing,25,34,Backordered,False,True,True,5e587ea71cd25dd0b0e3c5f8854838a1e42a4babf3600b8438cd947899f220d0
43-693-2092,Butter,Dairy,19-469-9841,Kayveo,51,100,70,3.0,2024-04-30,2024-10-21,2024-09-22,76 Toban Plaza,40,21,Discontinued,False,True,True,9ce0aa60a8a02602281e3ff64e67378a5ecbca5ff30b80869131764e5f445b7c
63-270-7076,Multigrain Bread,Bakery,85-532-0172,Roombo,65,36,37,3.5,2024-04-21,2024-06-12,2025-01-24,6 Lunder Parkway,32,70,Backordered,False,True,True,91fbb0691a20eac70f72b71b1e8b6299003fc7f795b383f9d13eb0b4998f38ee
90-230-9767,Long Grain Rice,Grains & Pulses,70-515-9048,Voonyx,67,88,32,1.5,2024-04-06,2024-05-01,2024-11-17,00397 Bay Terrace,66,42,Discontinued,False,True,True,4f2d1cb19556b6d44214cb7f3902d4fca770298466e2380c2cc82d33ae9755c1
05-334-2923,Bread Flour,Grains & Pulses,41-772-6271,Browsezoom,14,74,71,1.5,2024-08-18,2024-11-22,2024-05-16,8 Surrey Pass,37,22,Discontinued,False,True,True,b3b106e6ec1658bb8d8559354080f50e651d1a7dc2e94658afe2c846a9698afa
52-481-5224,Kiwi,Fruits & Vegetables,46-382-2024,Fiveclub,45,24,61,6.0,2025-01-21,2025-02-07,2025-02-15,80 Old Shore Plaza,44,34,Backordered,False,True,True,12d4b6fe2654dea5d270da1daeeb8fa364fa183c214afe9e36a7cc137083ff9a
11-325-7396,Mango,Fruits & Vegetables,98-940-7545,Skipfire,92,46,13,5.0,2024-07-28,2024-10-18,2024-03-26,387 Jay Point,24,75,Discontinued,False,True,True,7bfe1d0548f39acedee9d2eb6f5e49d2650b3015afc0b0ca90206fbb575074ea
70-854-6891,Sourdough Bread,Bakery,79-575-9351,Flashspan,41,84,90,4.0,2025-01-28,2024-11-28,2024-11-12,24045 Bluestem Point,42,65,Active,False,True,True,dc8f791ad20a2e02480abe20003e1b2abe202e2edfd93e3f2df5533929ed3dee
46-520-1819,Short Grain Rice,Grains & Pulses,10-762-7936,Katz,41,36,78,4.5,2024-07-04,2024-10-04,2024-05-15,805 Nancy Crossing,38,75,Backordered,False,True,True,b461bac51eb59767f807c6d4e24dcbd8cc743d25f14b7781df9c6cca43dc17d5
91-105-7317,Orange,Fruits & Vegetables,84-047-0017,Devshare,85,45,71,3.0,2024-03-20,2024-12-28,2025-02-02,44022 Barnett Way,95,72,Discontinued,False,True,True,b86c2269dec6d1619c0ce9d845204a7b015f56c90802c53b1c0d6cdc749d6002
40-751-8635,Pineapple,Fruits & Vegetables,48-878-3021,Yamia,44,80,84,3.4,2024-08-30,2024-10-17,2024-03-05,3 Ronald Regan Center,96,68,Discontinued,False,True,True,ad6aaca681f7612eeb8ff2bfff39491e5dea8a5c1026dff43ac17e665b5cf3f2
02-920-4829,White Bread,Bakery,41-587-4864,Skyble,92,87,84,2.5,2024-10-19,2024-06-14,2024-05-22,4 Judy Hill,61,31,Backordered,False,True,True,3fad976353b93630da07a526c4225e265d36a119acb094383532527a8fdd2781
36-918-2937,Green Coffee,Beverages,53-844-0478,Kwinu,62,89,18,12.0,2024-03-12,2025-02-12,2024-11-28,90865 Sherman Court,35,36,Active,False,True,True,edb00ba7558986ecca1c84d70d02695d9010c0743faf8f57d5a1228d6cc63942
68-761-6907,Zucchini,Fruits & Vegetables,31-199-3683,Brainverse,26,18,62,2.5,2024-07-28,2024-07-21,2025-02-02,9695 Alpine Trail,57,86,Discontinued,False,True,True,e18374ca1e076184f5bb7183656ed0ebca0a407e1acd3accc2a9e303e0170474
69-468-5468,Sourdough Bread,Bakery,37-099-6976,Vinte,59,78,6,4.5,2024-11-03,2024-06-10,2024-11-26,72083 Acker Crossing,32,3,Active,False,True,True,fc179e71bdb6a152c4593ca15dc57bdf53c1b33d39b3e7aee9e29f0607d655ad
27-635-8394,Orange,Fruits & Vegetables,87-893-6089,Twitterwire,88,37,61,2.9,2025-02-03,2024-11-13,2024-03-19,812 Shelley Circle,63,35,Discontinued,False,True,True,72de954a8a0a052d5c2258cc188390508643362bcbcb8510bd303456c352d85f
41-729-5410,Sardines,Seafood,71-727-8611,Ntag,91,59,49,6.0,2024-10-23,2024-04-05,2024-06-26,7193 Crownhardt Drive,30,63,Active,False,True,True,4961a35390ce8c7cf574cb87dfcf1e4c12a6bd37418a6998feee5efa00191c1c
33-335-9140,Olive Oil,Oils & Fats,08-209-1598,Blogspan,28,17,28,6.0,2024-10-24,2024-08-20,2024-08-27,76928 Tennyson Parkway,38,25,Active,False,True,True,452f57a769af263947a9730a38c35094e5bf51488e2e7bd732a1e318b2992519
11-581-9869,Carrot,Fruits & Vegetables,22-867-3079,Avaveo,51,60,98,1.5,2024-05-01,2024-12-12,2024-09-26,44801 Myrtle Center,44,95,Discontinued,False,True,True,8e9ab00906c638f6fd1becfd080047e88d0f8769312215cc55b78137af8aac00
78-237-0277,Black Tea,Beverages,50-314-5433,Brainbox,46,27,76,5.0,2024-09-15,2024-09-23,2025-01-13,79 Cardinal Court,64,96,Active,False,True,True,3a9a9fb5d0670fe9d25b82682543eedf6d83de60583abaf28167d736fbf56b3a
75-152-8731,Pear,Fruits & Vegetables,05-593-1927,Voonix,82,65,69,4.45,2024-04-11,2024-11-12,2024-08-08,622 Anthes Lane,30,78,Backordered,False,True,True,841e2560fbe0b498885163847d9924ef377ae57289c6d51d09691f66a54dc102
65-718-0492,Olive Oil,Oils & Fats,91-492-8216,Midel,100,92,26,6.0,2024-05-05,2025-01-23,2025-02-16,8626 Chinook Parkway,84,9,Active,False,True,True,f335f62b612b6c6e49a9421250570c922e16a23f50da218ed61bdef82440cbc0
55-697-5242,Ricotta Cheese,Dairy,74-726-0855,Shufflebeat,51,53,88,6.0,2025-01-31,2024-06-30,2024-09-24,19112 Little Fleur Road,54,59,Discontinued,False,True,True,e79cdc35301d1d47b53d8af4fe1a8737528989a4392a6922a559517961e35fea
14-844-4138,Black Coffee,Beverages,90-534-2165,Flipbug,61,43,29,15.0,2025-02-03,2024-10-25,2024-03-03,40643 Sullivan Lane,67,6,Discontinued,False,True,True,78b2d8431cda3892886ecc09e022f2cb82bb7847e8d6e5f365c17ce1a0325fb6
20-225-3930,White Tea,Beverages,73-069-2753,Skipstorm,99,87,10,25.0,2024-12-08,2024-02-29,2024-03-17,5756 Stephen Avenue,93,70,Active,False,True,True,e44fdd8b2c20e4a69bb316ce1cc7f9272b6b4ef8b954c27a9aadce34ef5addc7
66-993-4234,Cucumber,Fruits & Vegetables,15-852-0491,Gigazoom,13,60,100,1.8,2024-07-18,2025-01-16,2024-06-24,22 Dexter Trail,44,32,Backordered,False,True,True,8f34a60a7bc7f4c5e8fc74f497539b78cc29582beb5d048a07c3b20482c4243b
87-762-1317,Mozzarella Cheese,Dairy,58-474-3510,Dazzlesphere,45,63,75,7.0,2025-01-28,2024-11-20,2025-02-09,9305 Warrior Way,83,5,Discontinued,False,True,True,56652d4eb03d2abf06e38160c1bf810a52c5607dc65de53414874ed16291c777
81-844-2979,Broccoli,Fruits & Vegetables,02-575-7332,Realblab,73,87,46,4.0,2024-09-24,2025-01-15,2024-05-11,16 Elgar Point,47,67,Discontinued,False,True,True,b2710656dc59b7192634e58fa99c70b64bae02fe77400712a1e00ea15149f1d9
44-408-7594,Eggplant,Fruits & Vegetables,08-828-3804,Eire,39,21,5,3.0,2024-11-24,2024-05-01,2025-01-08,81 Oneill Circle,51,98,Backordered,False,True,True,4b3a95505fe32d282832aa808743fa0b67947d63ad1c85e86525f14c988a0f40
26-010-9519,Trout,Seafood,28-837-4164,Blogtag,29,72,96,12.0,2024-05-03,2024-11-26,2025-01-09,4508 Shopko Trail,85,52,Active,False,True,True,e5df6fd2e348be3ee5ae8814784c093e71c723c2855022bf46239c9f7b7c5089
65-464-5070,Heavy Cream,Dairy,01-517-7793,Ntags,12,60,73,4.0,2025-02-03,2024-03-16,2024-09-01,00 Luster Alley,20,35,Discontinued,False,True,True,562001f28df2f1516a5b28c568f52c16b4c2058618bbce70c81a1d447acda890
07-970-9352,Bell Pepper,Fruits & Vegetables,14-724-4622,Tagtune,96,33,72,4.45,2024-03-10,2024-05-16,2024-07-12,459 Gateway Pass,74,100,Active,False,True,True,d4ea6a2a303099176b79a807e4c43d7d77ce787cbfd7b51efa9d756f5a0868b6
88-746-9468,Onion,Fruits & Vegetables,06-159-1957,Skiba,35,92,74,2.0,2024-11-25,2025-02-03,2024-11-14,82737 Ryan Place,76,32,Active,False,True,True,4ef082470427a81413d01709993adfa3c37e16d040009e68faf4ab4faddca515
06-336-5482,Sardines,Seafood,99-784-4391,Voolia,89,34,15,6.0,2024-12-31,2024-03-08,2024-08-24,7 Mockingbird Hill,60,2,Discontinued,False,True,True,7005efa2f7f20607c8c637a73919ad7472784f6f829767ad136e8c9aafe69128
03-276-3931,Mango,Fruits & Vegetables,42-224-8186,Oyoloo,60,36,28,4.5,2024-06-30,2024-09-18,2024-12-20,081 Bellgrove Place,26,29,Active,False,True,True,7a06f304a0b05bc51e54943a6f9ac92143394978a9d0bae2919d9071285f1e8c
39-232-5341,Arborio Rice,Grains & Pulses,23-319-2681,Feedmix,20,34,74,4.5,2024-09-21,2024-10-24,2025-02-15,05433 Towne Terrace,50,83,Discontinued,False,True,True,0a24f011f7d894a5eac1f903747c13829e9384f128aa5b7736310763200abdb4
12-239-9399,Potato,Fruits & Vegetables,53-584-1853,Tagtune,28,40,27,1.2,2024-12-14,2024-07-29,2024-10-27,924 La Follette Alley,30,56,Active,False,True,True,baf64640b59d934ac62072e6113320fe312697c2a12e80318bc4e7177980f5bc
75-080-4909,Corn Oil,Oils & Fats,34-726-5887,Tagopia,20,55,15,2.5,2024-12-09,2024-04-12,2024-09-09,7 Gateway Center,86,61,Backordered,False,True,True,2bd9e98d94b5efaaa120d42e000dbe87acf9de7cfc4af5cde4ec4b04eac67927
70-815-4015,Butter Biscuit,Bakery,89-134-9717,Ozu,38,93,61,6.0,2024-12-10,2024-07-15,2024-08-30,175 Sycamore Circle,67,100,Active,False,True,True,17ee84f70fac3cd662adb2cd8e8eae9a4845c2d337a39173da0e1e8c2b5b9802
11-032-9778,Peas,Fruits & Vegetables,42-380-8881,Edgepulse,99,1,4,3.0,2024-12-13,2025-01-27,2024-08-19,553 Mayfield Crossing,50,53,Backordered,False,True,True,85908a90537503422706660cb12b942cb8ec9e3fd7ab926754c53d71e0e0a2e0
54-374-9986,Cream,Dairy,33-818-4917,Oyondu,92,52,80,2.5,2024-06-03,2024-10-22,2024-03-21,74997 Katie Terrace,72,96,Discontinued,False,True,True,a5bd327efdd81eae3157af466df86268112dc374bdbd67a7d87acfe46d869e2b
77-312-6317,Spinach,Fruits & Vegetables,12-950-4397,Abatz,41,29,76,2.4,2024-02-26,2024-09-13,2024-10-01,3616 Carey Pass,59,4,Discontinued,False,True,True,1dc07eed77bebe331d9bebe06d425fc37ae7c18505ea59c8aff9772e85cf95e2
13-844-2178,Sardines,Seafood,66-832-1802,Browsetype,44,67,48,6.0,2024-09-05,2024-09-21,2024-03-24,86207 Tennyson Parkway,90,11,Active,False,True,True,47a948b1436ac0d110a0dc7214bf2151b25c867fda9c603e0746477f006e4ad4
22-141-9798,White Sugar,Grains & Pulses,59-849-9942,Photobean,47,7,63,2.0,2024-05-18,2024-09-20,2024-04-30,6 Nobel Junction,29,20,Backordered,False,True,True,a2dd3e6e095d003aaf3aee85884d46718d0f30103f56e18e36d1e74818cc6fce
20-022-3173,Bread Flour,Grains & Pulses,54-188-1006,Mydeo,21,63,65,1.5,2024-10-08,2024-11-10,2025-02-22,81878 Nobel Point,38,73,Discontinued,False,True,True,7ddcc64967a9111aa8575126dac6fcdc48d0557adb7309bf1459f9e615bdebc9
26-177-5690,Cucumber,Fruits & Vegetables,06-708-1412,Skinte,85,33,50,1.8,2024-03-06,2024-07-15,2025-01-21,61707 Mariners Cove Park,64,38,Discontinued,False,True,True,af0167c266e5cb8cce9aa7bde1d972bc29d5c3b78a2d56abdcdac2567d9325e2
70-871-4536,Swiss Cheese,Dairy,72-514-7323,Cogilith,29,4,17,8.0,2025-01-19,2024-11-13,2024-06-17,5 Waxwing Junction,59,52,Active,False,True,True,4aed3e381f63add394b629fd3a95c5f2052dab73507f1e1ebed0c68fef00a678
06-611-5454,Peanut Oil,Oils & Fats,43-786-9229,Bluezoom,64,21,13,4.0,2025-01-30,2024-10-11,2024-11-16,16 Autumn Leaf Way,51,26,Backordered,False,True,True,7a1961b9946f8668e0a87ac62e0a94684125cc9125f1359b4dfa85c038930625
89-543-3456,Blueberries,Fruits & Vegetables,23-178-8962,Jaloo,66,40,96,10.0,2024-02-28,2024-06-22,2025-02-06,22782 Oriole Way,24,61,Active,False,True,True,d2e7afbf9b9d551ce07ee7a6ac164df99def2e10c5a27579f7aebd6a6d1cc4ef
82-395-5070,Chocolate Biscuit,Bakery,01-801-9502,Vidoo,75,81,17,5.0,2024-07-09,2025-02-17,2025-02-20,43442 Homewood Street,69,38,Active,False,True,True,d27b31eac9a1e5224c96a11f73f85ab13dd0a8703b12b87794d326dfc559e0e2
14-305-5348,Cheese,Dairy,71-092-6845,Shuffledrive,53,63,2,9.0,2024-08-02,2024-10-12,2024-03-20,19 Shoshone Circle,56,95,Active,False,True,True,a58975e36272e069d7ebeb4853700b0c74ed2e28d75fb9222771a6a5464e20a7
82-243-3180,Palm Oil,Oils & Fats,18-631-1458,Zooxo,43,63,80,1.8,2024-06-23,2024-07-31,2025-02-11,97 Sunnyside Court,33,96,Discontinued,False,True,True,8ee6a49659cf5bc5ac25958716fb1b0a268113497bfed53d1e145cd29b090383
25-010-9478,Eggplant,Fruits & Vegetables,24-576-3402,Topicblab,74,30,24,3.0,2024-08-09,2024-10-13,2024-07-31,357 Maple Park,82,12,Active,False,True,True,f7fa6d67ab5687fc41652cc99314c52a9a72b9516ef255c362f3777090c246ad
13-202-4809,Garlic,Fruits & Vegetables,24-281-7685,Katz,27,22,89,7.0,2024-05-01,2024-07-28,2024-05-20,6195 Monterey Center,91,77,Discontinued,False,True,True,d276dcdf6ccd7386dc6a268b20e7e62016c7757d7fc6559bef70160cdbdc72f5
67-270-7464,Jasmine Rice,Grains & Pulses,83-960-5274,Yadel,91,73,77,4.75,2025-02-01,2024-08-24,2024-12-07,7242 Claremont Avenue,51,49,Discontinued,False,True,True,013bb655c49aa304978bdcf432b299a501a72d0b2efa841e81d26c8e26cf7f39
11-733-1756,Rice Flour,Grains & Pulses,27-970-8649,Mynte,52,81,53,2.0,2024-08-28,2024-11-27,2025-02-24,127 Eliot Road,95,88,Backordered,False,True,True,2404570099e2c8b5d316ba6d7f535c95d6bdce1dbdc7fddd1efee88d9ae59802
80-988-4653,Zucchini,Fruits & Vegetables,02-272-0535,Livetube,43,66,85,2.5,2024-04-20,2024-09-14,2024-04-19,8 Russell Pass,66,65,Discontinued,False,True,True,ec32186af5752c7cb768a8e9c79b607ec0d116922b75b5bb3ccd0fec28ffed2c
60-343-7973,Multigrain Bread,Bakery,06-303-4127,Zoombox,56,86,23,3.2,2024-04-15,2024-04-29,2024-04-09,85408 Toban Crossing,67,56,Backordered,False,True,True,31be941a53ad90ba97a509363be43bb3de0883a71e544ba52c648a34582f7ff8
34-861-4446,Ricotta Cheese,Dairy,40-696-4237,Photobug,66,40,8,6.0,2024-11-27,2025-01-18,2025-01-06,113 Donald Court,43,49,Active,False,True,True,0050857c177393c86b6b9e6498aeecdc1f3039a7faf4beb88f1abf688efe9e68
67-710-5120,Bread Flour,Grains & Pulses,00-131-9278,Skynoodle,84,92,18,1.5,2024-10-29,2024-12-29,2024-02-25,978 Shasta Lane,92,69,Active,False,True,True,e62151a7c6144b68221477c94c721efcf5fe5ddbfd99f71707067b82da62786d
49-891-4927,Cottage Cheese,Dairy,89-155-3471,Midel,37,5,1,5.0,2025-01-02,2024-02-26,2024-11-28,46 Hoffman Trail,68,99,Active,False,True,True,a8d9e4c88063b79f155ca3e27425caf79d78e1edd12355b448ccf086a02fb048
55-522-8242,Whipped Cream,Dairy,48-884-5431,Feedbug,29,36,40,4.0,2024-11-08,2024-03-30,2024-09-07,7 Spohn Avenue,60,96,Backordered,False,True,True,cab5786e39ae2747928264d55e3dc62622ca87bd5399f9cd8b0e63d20b40bf50
62-509-0666,Almond Flour,Grains & Pulses,16-419-1419,Brainverse,13,88,7,9.5,2024-07-28,2024-05-15,2024-07-03,1468 Meadow Vale Court,24,21,Backordered,False,True,True,4a441a614abfad932f2cd1246fe6178f8f9de0c97a83c418c65a006f90723f3c
64-478-4745,Lemon,Fruits & Vegetables,36-780-8625,Mydo,63,81,94,2.5,2024-06-04,2024-04-20,2024-11-19,208 Miller Court,56,2,Active,False,True,True,b90c92cca221dd878770950112dcc0b9da1d658b729eb41e08b43712c74d33cc
35-835-5591,Tilapia,Seafood,54-876-4296,Fiveclub,95,63,73,7.0,2024-11-17,2024-06-05,2024-03-08,509 Carpenter Trail,61,38,Backordered,False,True,True,57d72d15331897ce13558e3fe2902a0878b3a48db91e46c01f459aebd272064d
26-690-3784,Lettuce,Fruits & Vegetables,70-463-6597,Fadeo,58,5,1,2.0,2024-10-02,2024-10-14,2024-04-06,19069 Cordelia Drive,53,80,Active,False,True,True,cb68dd3c32387f1266b4b495c1c4bbd826d981235f144ad477531156901606d1
67-546-1568,Peanut Oil,Oils & Fats,10-038-3988,Edgeify,57,36,53,4.0,2024-06-04,2024-06-16,2024-03-28,203 Mariners Cove Junction,56,32,Backordered,False,True,True,abc7d4266a70df90af3742d93e6f386b23ead3b9a300cf8c2bbbadcf680b665b
67-625-9704,Sardines,Seafood,13-475-1009,Eayo,33,18,92,6.0,2024-06-03,2024-09-26,2024-07-18,7819 Fallview Park,98,56,Discontinued,False,True,True,d5fa2f6ba2535340cc9a7b79732a0253bec3a0a734bea745eeb6e0e55b61b24b
31-969-4614,Arabica Coffee,Beverages,83-104-8425,Voomm,62,89,6,20.0,2024-09-08,2024-06-06,2025-01-15,993 Kensington Drive,23,11,Discontinued,False,True,True,5a837d811015fb680d2321052698f9bdba3d053feefb95e10ba5c7a15992d464
50-364-5828,Coconut,Fruits & Vegetables,17-239-6309,Mydo,89,57,92,5.0,2024-08-15,2024-06-14,2024-12-23,772 Golf Course Junction,38,16,Active,False,True,True,cdfbfdcece476d17a5ef2a4965c363c680ee17ccb556a04d9575e102ff0904e4
61-827-4098,Cod,Seafood,34-850-0377,Devbug,23,42,87,8.0,2025-02-01,2024-07-15,2024-03-24,29992 Warrior Center,63,5,Backordered,False,True,True,afd2f8513fd6662094329cb8f3d687daf22ce52962d7567ae25f485bbc651246
87-698-0944,Banana,Fruits & Vegetables,73-717-0190,Vinder,56,12,59,98.43,2024-09-17,2024-08-27,2025-02-02,8 Heffernan Point,35,16,Active,False,True,True,104eb7a74794f295a503675c4542dcb7dfff8b4211047f5f27defb10be0bcde5
36-636-4873,Black Rice,Grains & Pulses,11-098-3982,Wikivu,86,100,74,6.1,2024-03-25,2025-01-17,2024-05-30,451 Grim Hill,80,94,Active,False,True,True,6e6f7fb71b4291a67401491d41f18536044f43204809255e3c15e0b66f0a6fb6
98-556-5323,Pomegranate,Fruits & Vegetables,21-490-8051,Dynabox,60,61,2,6.0,2024-05-13,2024-08-12,2024-08-27,005 Tomscot Hill,96,50,Active,False,True,True,ed039a67f06ef4bb8451cc21e936002ea0a299df06f4f74b87363d5043407d05
97-772-2336,Pineapple,Fruits & Vegetables,19-704-4404,Rooxo,70,30,69,3.5,2024-08-13,2025-02-03,2024-07-14,9 Bartillon Trail,44,42,Discontinued,False,True,True,6b44a062199d0c5098a3e3188418a34ce74eca6dd0737d99582e7eee882502a7
19-047-4239,Peach,Fruits & Vegetables,11-146-9880,Quire,47,72,73,4.0,2024-05-21,2024-03-30,2024-04-30,7 West Street,93,27,Backordered,False,True,True,fa6f1d62c8d35581f464941263bfc3da96379a996fd9999b3b87a06de78502a0
41-316-8427,Arborio Rice,Grains & Pulses,75-867-3635,Realcube,95,93,16,4.5,2024-11-26,2024-09-06,2024-09-21,03416 Valley Edge Circle,60,19,Active,False,True,True,efa1a13c845369456c3c93b65023ed3508dbb8537eced6405f5e36bf864b0ea6
15-907-3681,Plum,Fruits & Vegetables,72-931-9828,Brainsphere,20,42,21,3.85,2024-11-28,2025-01-27,2025-02-20,21633 Sycamore Center,61,25,Discontinued,False,True,True,4365100094633735a45299cc53eb944b7314793e42b42b1d24ab8b0c1626e856
14-305-9690,Sushi Rice,Grains & Pulses,13-457-9946,Dabshots,19,17,14,4.3,2024-08-30,2024-06-29,2024-03-10,43107 Schlimgen Circle,58,23,Active,False,True,True,df0a35029f2413ad4b0211b9228f10dea849ec314fca1db20138f40315e7c145
40-860-4532,Arabica Coffee,Beverages,73-625-5112,Yadel,74,72,18,21.0,2024-11-15,2024-02-27,2025-02-05,988 Southridge Way,83,54,Active,False,True,True,ee0770c910289660af48103c46ab4bd873c362bf948f874f2b63362dd547ce37
44-552-3909,Pear,Fruits & Vegetables,80-863-1186,Riffwire,61,50,9,4.5,2024-10-08,2024-02-26,2025-01-19,6 Charing Cross Circle,24,92,Active,False,True,True,29efdf383e8182e78f7e394184467dd170c5d4af44fa159a85e1d4f34eff741a
75-029-9003,Sourdough Bread,Bakery,61-917-4271,Eadel,34,42,86,4.0,2024-05-16,2024-10-07,2024-04-01,19180 Hagan Parkway,28,23,Discontinued,False,True,True,f4acbea00b13be16e29585153acd5f497b0a10008a9d0ab357272c0845de8578
74-587-2065,Pear,Fruits & Vegetables,33-141-1402,Gigaclub,29,20,85,4.5,2024-10-27,2025-02-20,2024-03-02,84642 Clarendon Point,31,31,Active,False,True,True,2dc3e8a54e1b6b28eec7c618815dbd3eeae6ee7b20c6a744e0734353e86e6715
70-149-6756,Heavy Cream,Dairy,97-150-9199,Skynoodle,14,99,97,4.2,2024-04-21,2025-01-06,2024-06-26,6 Messerschmidt Place,28,45,Discontinued,False,True,True,e1a8e7205ba464b6005f77ccd24079d25a16c7358c684a3a706a5b6e1b2dc1f5
29-896-7926,White Rice,Grains & Pulses,86-400-4155,Centidel,20,20,56,1.8,2025-01-06,2024-06-01,2024-05-06,80930 Briar Crest Point,62,69,Backordered,False,True,True,be0781d99fc53ff267e7fe9c785df5698f871dec4207baf717de066e4ea1f035
54-822-9009,Cauliflower,Grains & Pulses,23-197-9965,Shufflester,40,38,32,3.2,2024-10-25,2024-06-08,2025-01-03,64389 Arkansas Alley,21,45,Backordered,False,True,True,e01928139fc6f124b951bd61f15771f2176ea1fcd03369b858fbf780bca2fcf9
84-075-7647,Canola Oil,Oils & Fats,95-889-8592,Mydeo,91,82,58,2.3,2024-04-27,2024-10-21,2025-02-22,51 7th Court,43,45,Discontinued,False,True,True,2ccc91c692463684b019b90149eddcd65912ad4ff6195e2c658b807411e3173d
88-602-8210,Avocado Oil,Oils & Fats,26-411-9126,Skajo,99,96,39,10.0,2024-06-22,2024-06-19,2024-09-28,042 Di Loreto Court,94,89,Backordered,False,True,True,a1fe5181ddae6fed89bb8117a109261591a49b0069aa93da58b5bb72917b4db4
04-542-3863,Bread Flour,Grains & Pulses,55-952-9832,Eidel,34,46,45,1.5,2024-10-09,2024-12-11,2024-12-22,403 Loomis Way,49,25,Backordered,False,True,True,cf645b92f3f8f133e882a5b30669c044721814fc846ce75359052cb47452fb29
57-613-5779,Gouda Cheese,Dairy,29-009-9132,Thoughtblab,100,21,64,7.0,2024-06-19,2024-03-11,2024-08-29,6 John Wall Plaza,20,13,Backordered,False,True,True,53986019345ee49489e5bc6da13fe21efdc24074d6a7709369f583c59a152102
90-737-0044,Black Rice,Grains & Pulses,39-339-3869,Bubblemix,79,98,97,6.0,2024-12-10,2025-01-17,2024-05-17,92321 Nelson Trail,26,21,Backordered,False,True,True,c0399ba34251512bf79d4b4cac0a9eb73517a695f24af8d1779954b1c99c5c9e
28-956-1320,Greek Yogurt,Dairy,01-445-8931,Thoughtblab,62,2,98,3.0,2024-05-23,2024-10-18,2024-09-05,95 Onsgard Way,50,11,Discontinued,False,True,True,de21526e2c6de393b9be805a8bf5123348467bcac78c55c4fa95325154211c3b
87-791-5803,Tuna,Seafood,89-843-0880,Meemm,25,44,96,18.0,2024-07-04,2024-03-09,2024-09-01,8 Fremont Circle,36,16,Active,False,True,True,aac27232281cdd42bbd62690fc1da10ed743054bd6ac37d00f871671a2a571fa
14-521-4167,Buttermilk,Dairy,68-609-1972,Vinder,47,2,76,2.5,2024-05-13,2024-06-29,2024-03-06,00847 Reindahl Place,48,36,Discontinued,False,True,True,aab6280dff222d8f097bd9d62e355e7f6f9ba6233c533c1bc881f11754a76159
51-572-5497,Orange,Fruits & Vegetables,43-035-3382,Kanoodle,15,44,88,3.0,2024-08-31,2025-02-13,2024-04-28,9516 Burrows Circle,56,12,Discontinued,False,True,True,0cc925c60d6c1330cacec03d6b074945418ea4b98b872ad8a32a35623bdcd573
28-840-6096,Pomegranate,Fruits & Vegetables,15-444-8224,Flipopia,19,65,48,6.0,2024-09-09,2025-02-14,2024-09-12,92655 Pond Park,59,53,Discontinued,False,True,True,a095722ffc38f7bf1c5c63c0a741dcf962d3085adbcd7e2f4c667a6bed381667
44-538-3366,Tuna,Seafood,33-898-6242,Realbridge,58,77,96,18.0,2024-09-11,2024-04-17,2024-03-30,46 Cardinal Way,25,17,Discontinued,False,True,True,950401540359984d3ec42028562396902c6ec691732e70fc1d0641b65b6331d9
51-459-5630,Sour Cream,Dairy,29-567-3732,Skyvu,11,30,4,4.0,2024-08-02,2024-09-29,2024-12-14,805 Center Parkway,84,4,Active,False,True,True,e5fbb34956f3b5ad84077b562d46d5a4998e30e0c144de3839238be12391cc6b
02-655-3240,Rice Flour,Grains & Pulses,95-200-1972,Jabberstorm,99,44,52,2.0,2024-10-25,2024-05-21,2024-06-20,6738 Tennyson Road,36,2,Discontinued,False,True,True,73f7c881e0250595a781873123d54ad790bd9810af0bd8aaaa3ccb09b0d99aa3
42-887-6557,Long Grain Rice,Grains & Pulses,49-092-2735,Geba,26,82,19,1.5,2024-09-23,2024-07-10,2024-03-30,61224 Northridge Avenue,76,88,Active,False,True,True,35b9ced61e23a9eb66717d0421bbd57444cf8a7142cdb2af1faaf5df52b20c10
96-316-7600,Bell Pepper,Fruits & Vegetables,76-671-7104,Linklinks,70,31,55,4.5,2024-07-31,2024-07-27,2024-07-07,6 Swallow Crossing,23,80,Discontinued,False,True,True,4f51f54b789448f623ea8bfde6ae6e0e58d4277721cb636b1302a4005b2e7227
58-063-8633,Bell Pepper,Fruits & Vegetables,21-932-5200,Skimia,50,3,88,4.5,2024-07-21,2024-06-30,2024-09-22,33424 Express Avenue,69,73,Discontinued,False,True,True,8c0d9b4763914b946793d8c5a7991ee03ba7735b091ba32d72d78186e7a1b2c4
43-703-9939,Pineapple,Fruits & Vegetables,69-928-4929,Bubblemix,55,91,35,3.5,2024-05-08,2024-05-22,2025-02-17,4 Sundown Place,81,19,Active,False,True,True,e7a38362397039c7b6807494286683df71f7d99a3254b9e635201d1fa057ab25
88-069-5486,Cod,Seafood,95-878-1614,Buzzshare,31,87,19,8.0,2024-05-23,2024-07-13,2024-05-01,01330 Sheridan Way,41,10,Active,False,True,True,81420c3a800806ac6d8cde974b4b6b458878a84489390030a755e5dabfa2725a
74-845-3299,Green Tea,Beverages,21-792-1000,Oyoyo,63,92,26,8.0,2024-08-18,2025-02-12,2024-04-29,2 Petterle Road,93,99,Active,False,True,True,90ef5bff5d063eec3973a2b38912793c5372f8d500d9154e440f6484e326aa7b
81-605-6246,Sardines,Seafood,62-086-0407,Shufflester,73,31,49,6.0,2025-01-26,2024-03-02,2024-03-06,65721 Caliangt Crossing,22,47,Discontinued,False,True,True,45175d60b5c405898b01164217468fd7a10e6da540dbb318d4f71e832e165aa4
73-561-2867,Sourdough Bread,Bakery,60-386-5077,Eayo,12,86,98,4.0,2024-10-10,2024-06-29,2024-09-29,7444 Saint Paul Circle,75,86,Discontinued,False,True,True,50e8e21f30d8840dfe447bb270d679a5921d0e25d9e322e79b2ccdbe2842063a
19-967-0632,Short Grain Rice,Grains & Pulses,90-445-1753,Yombu,53,86,54,3.0,2024-08-14,2025-02-04,2024-11-06,6990 Kings Place,44,3,Discontinued,False,True,True,34a5802d684922fb181f60dfc81c5e47da29b420204b903ecca4d20c0d70234c
23-070-2433,Powdered Sugar,Grains & Pulses,82-235-9317,Meeveo,68,7,37,2.5,2024-08-08,2024-04-11,2024-12-28,836 Brown Alley,69,1,Discontinued,False,True,True,de54d313de4ce6134c0a26c08c95eda4b67a69c224d8851787602700be3fbddf
27-262-2437,Swiss Cheese,Dairy,05-181-2682,Skidoo,80,9,29,8.1,2024-08-26,2024-11-20,2024-10-09,739 Swallow Road,54,62,Active,False,True,True,4f9951c334a0db6b5072a73536823e0ca48badadfdd30849fce8c500cdf1c565
39-479-5147,Tuna,Seafood,02-156-7270,Meedoo,92,68,79,18.0,2024-12-24,2024-08-18,2024-04-04,14 Talmadge Park,40,57,Discontinued,False,True,True,77e9597ef44156c3283ebc1dd1fccabfc469faa194e63397168f9d1b62934360
71-085-4290,Cucumber,Fruits & Vegetables,26-593-3478,Eire,31,98,72,1.8,2024-08-26,2024-10-07,2024-12-04,2 Basil Street,91,29,Active,False,True,True,3be62e0af4ab0ed129017f0b894710ce0dbf81c7b59f2be2af22fc0620661f00
48-957-6116,Eggplant,Fruits & Vegetables,34-334-6888,Topicstorm,31,44,9,3.0,2024-05-30,2024-05-16,2024-08-05,938 Hanover Point,46,9,Discontinued,False,True,True,00437b6f51224616a8afaacb40e9e68c7c9cd29fb1e18369073f95ec716a1023
83-917-7384,Garlic,Fruits & Vegetables,84-923-5086,Tavu,76,97,20,7.0,2024-03-27,2024-08-24,2024-05-11,3 Ilene Terrace,52,82,Discontinued,False,True,True,b71f0249db9a270b00202fa34a2465fa979be1027d97ad6b13e030f165908690
26-031-8070,Vegetable Oil,Oils & Fats,11-096-4003,Trudeo,57,99,23,2.0,2024-07-25,2024-05-25,2024-04-19,5414 Linden Point,89,21,Backordered,False,True,True,254497d6f0b55b439582bfeeb75a5fd473aba5b8bf2c315dc2e9216df5bff7e9
03-149-9760,Whipped Cream,Dairy,08-141-2402,Yotz,92,99,93,4.0,2025-02-19,2024-07-13,2024-03-26,554 Eliot Point,43,90,Discontinued,False,True,True,41bfe1f6f6c070115924971284efb59f89ae9e8f257866d06748a13cc339613c
53-680-5293,Cheddar Cheese,Dairy,47-732-4446,Demizz,88,74,97,9.0,2024-05-28,2024-05-31,2024-08-24,97687 Mendota Terrace,79,5,Active,False,True,True,6cf58bc522dc3b7d52d2bbd4aa3090259f62f8acc75e0194de4f0a4efe9c8bb2
49-861-7823,Coconut,Fruits & Vegetables,22-152-0111,Skippad,99,8,27,5.0,2024-07-16,2024-07-13,2024-08-10,26 Graceland Circle,41,50,Discontinued,False,True,True,e0c926d2c293502f0589166730c00a4621e7d2ca7761a3288e604c3bb2cf4e8b
24-364-3341,Egg (Turkey),Dairy,13-290-8513,Topiclounge,44,84,63,2.5,2024-07-29,2024-04-11,2024-09-25,120 Gale Circle,51,67,Discontinued,False,True,True,54c3960783e467903c0a914ae4fb782eaa93f5ef3ea8e7869a98738878f4a068
80-374-5711,Herbal Tea,Beverages,77-566-9826,Browsecat,48,77,81,31.0,2025-01-28,2024-10-05,2024-12-07,13 Bluejay Way,70,74,Backordered,False,True,True,55e710baed8e6d220a0851a5a027a95ea9bd772bdc8ac89d014ccaff63e0e46a
76-325-9093,Sesame Oil,Oils & Fats,67-922-3399,Feedbug,27,92,56,6.5,2024-04-18,2024-10-19,2024-12-18,01471 Burrows Lane,29,32,Discontinued,False,True,True,51c2e2ac3d73ac79e3c2582dbdd22e488e99d720bc12811391a2e3ae7a2c7f43
30-429-2162,Black Rice,Grains & Pulses,05-100-7102,Npath,34,96,76,6.15,2024-10-03,2024-12-06,2025-01-15,6382 Anniversary Pass,90,34,Discontinued,False,True,True,921ecf6c93b3468a93d9604bf770d0341e3474372d05b31b0b463ab8d7666743
53-446-8243,Orange,Fruits & Vegetables,51-666-7174,Skipfire,41,94,4,3.0,2025-02-04,2024-07-26,2024-04-23,757 Grasskamp Drive,88,92,Discontinued,False,True,True,1df131b420c722f944442ec990329039dae12d61078a9945e559a64f0b2ed79f
67-473-7093,Black Tea,Beverages,92-830-6986,Topicstorm,56,12,85,5.0,2024-12-10,2024-03-20,2024-04-19,87417 Forest Pass,52,46,Active,False,True,True,b0ff0b4c5bd8e9d8a296f4d6916b1508a9397c7a23fdb6d0452328511ea4caed
98-235-2711,Asparagus,Fruits & Vegetables,23-052-4744,Devpoint,22,40,7,5.0,2024-09-12,2024-12-31,2025-01-26,5 Transport Pass,98,60,Active,False,True,True,cd58eb1d78d624698745d59c64f622a67e3262622de9e8685fcaf3aff6554a03
07-219-8017,Palm Oil,Oils & Fats,95-148-9287,Skibox,40,2,58,1.8,2024-10-31,2024-08-13,2024-11-08,357 High Crossing Parkway,71,10,Active,False,True,True,3ba331818423e0c8c5bcbceda9d7054fe6c574f095362497103a5f4f922800d1
97-040-3822,Swiss Cheese,Dairy,78-459-1417,Gevee,50,99,73,8.0,2024-05-12,2024-08-23,2024-05-17,42 Clemons Terrace,42,1,Backordered,False,True,True,2083a8df595c3d4db36c65837f3b08c47a2002cc8c2bad24004c09d762057cc0
10-002-6494,Mango,Fruits & Vegetables,47-509-7282,Meevee,89,92,62,4.8,2024-03-02,2024-07-08,2024-11-11,48 Vahlen Place,46,11,Backordered,False,True,True,f20e56faeea4bd2995b50c446d97d6af6265214d24909b0401c19f98fa31d033
12-998-3882,Egg (Turkey),Dairy,06-151-9076,Bluezoom,76,54,76,2.5,2024-10-01,2024-08-17,2024-05-26,94862 Beilfuss Terrace,69,27,Backordered,False,True,True,5d07e9fbccb076be387363a151fac7c33320ca3a97308820ef66f2129743ba43
31-746-4951,Whole Wheat Flour,Grains & Pulses,70-212-0990,Gigaclub,67,60,21,2.75,2024-04-03,2024-05-20,2024-09-06,759 Waywood Court,30,6,Active,False,True,True,8e32b53e0adf9b9410af5b5b3c7963441904cedada96fa8d795c2a6ef4d4e985
87-097-5691,Robusta Coffee,Beverages,26-213-7885,Photofeed,62,78,97,10.0,2024-04-08,2024-08-29,2024-03-26,236 Gateway Lane,62,97,Discontinued,False,True,True,2539ec009b079e0e7b109748e4f33a9a94cdb51310a81b044c761f08fbb54966
34-075-0371,Watermelon,Fruits & Vegetables,32-771-2617,Latz,75,10,68,3.0,2024-09-11,2025-01-10,2024-12-03,0039 Shelley Place,90,42,Active,False,True,True,983d5373299948750445417d7edfe22d4d2fcd099c469bee93fd09c87e750528
40-810-9261,Green Coffee,Beverages,56-554-1762,Cogibox,75,47,33,12.5,2024-06-26,2024-12-09,2024-05-23,3 Raven Court,33,12,Discontinued,False,True,True,88ca1ee1b4c13d76ec78e8078d872c0d39aec3169708c76b14a0a2c50b1fbfb2
46-931-6897,Cream,Dairy,22-946-8052,Meevee,29,32,26,2.5,2024-09-21,2024-06-15,2024-09-15,44 Kensington Road,64,85,Discontinued,False,True,True,68cc32d516c5ee3f7b1646ffb3d31a93d4e972204a03898cf5e0010b0ea2b194
58-182-6781,Oatmeal Biscuit,Bakery,75-328-1709,Pixope,34,55,22,5.0,2024-10-11,2024-06-29,2024-11-15,86 Maryland Junction,77,85,Active,False,True,True,06425109b4f547111d21f4ee886ed45c250957db0c78f4aaeb818650c12c2910
06-706-6490,Green Tea,Beverages,85-670-6379,Tanoodle,15,66,85,8.0,2024-10-18,2024-07-03,2024-03-15,443 Browning Terrace,60,40,Backordered,False,True,True,70f0dedcd36161259566126d237bdb2a177ab9013dd9f8c967152761574266e6
47-578-4161,Anchovies,Seafood,96-001-5429,Jaxspan,88,56,81,10.0,2024-05-10,2024-03-10,2024-09-14,5 Forest Run Way,98,86,Discontinued,False,True,True,3de816d685f903935a718afd7f61a4813ddbd77d4b683801c3db73997fe316a2
18-199-5799,Cheddar Cheese,Dairy,76-870-2139,Jayo,40,81,40,9.0,2024-10-09,2024-04-28,2024-10-30,87784 Blaine Way,40,48,Backordered,False,True,True,4241a41e696d9f1a781d59377507c44a1c936086870cbb8b42cea70da89fa8e2
00-357-2313,Avocado Oil,Oils & Fats,93-619-6639,Quamba,10,86,23,10.0,2024-06-29,2024-11-26,2024-12-13,0 Oxford Crossing,24,52,Backordered,False,True,True,1afc0c23d652445a4c17ffed55aaaa1969c618e4c3e77c7fab8eea3c6279bccc
83-704-6367,Arabica Coffee,Beverages,41-628-8713,Feedmix,21,87,12,21.0,2024-11-17,2024-09-02,2024-09-07,298 Corry Plaza,20,38,Discontinued,False,True,True,ff0b77f96a672995d5988323194890d6eaed6a861cb107c82827ade24081a801
01-144-5960,Trout,Seafood,80-848-7493,Zazio,75,25,99,12.0,2024-10-20,2024-05-29,2024-07-13,52105 Mandrake Place,89,42,Active,False,True,True,3c72352367c416a36140d4744a43abeb4a7e4798cd26473821d2c114a7af612e
96-774-0457,Cod,Seafood,71-991-5737,Izio,56,50,80,8.0,2025-02-24,2024-03-12,2024-10-22,7369 Thackeray Drive,99,5,Discontinued,False,True,True,42ad4962d0a8b1ca5f9264d11685fb0b4c7a9c4ec145d86e04e9f10f4540301e
24-310-9184,Rye Bread,Bakery,69-378-2045,Brainlounge,69,65,91,3.0,2024-07-05,2024-07-26,2024-04-08,6 Haas Circle,98,50,Backordered,False,True,True,f9c548e479ce34558048226c53ee8e8185aebe8e0fbd0d831618c454f4de8b70
10-255-8579,Basmati Rice,Grains & Pulses,29-112-1577,Trilia,56,53,77,4.5,2024-07-12,2024-07-24,2025-01-28,1959 Marcy Center,69,69,Active,False,True,True,ea6346989fbf683bdacd1f959d515b3a7cfab3f78863e497fcbf15ce178de60f
38-417-4656,White Sugar,Grains & Pulses,57-202-5756,Dazzlesphere,24,69,2,2.0,2024-10-05,2024-04-13,2024-12-23,1309 Elka Junction,20,20,Backordered,False,True,True,566b0f69580f048d60690780327335b0f7c5cec69a47fc2531ebd7ddaa29357a
53-080-8252,Sourdough Bread,Bakery,73-744-7022,Thoughtstorm,30,85,21,4.5,2024-12-19,2024-09-24,2024-11-20,2 Grayhawk Junction,32,83,Discontinued,False,True,True,5654b243703caaebf5d53f5dc8ce7dea4cdcd9302dbeea529b1ca1c9c60f0d77
14-681-7035,White Tea,Beverages,01-308-0960,Voolith,36,90,57,25.0,2024-12-11,2024-08-07,2024-05-18,95261 Morningstar Way,35,68,Backordered,False,True,True,0f9abd56a9c145dbf2fa8d942118df2afec3ea75438c324392634a4e7042ffa2
96-503-7712,White Bread,Bakery,97-325-5889,Twitterbridge,93,76,82,2.5,2024-05-25,2024-07-28,2025-01-19,84148 Prairie Rose Center,76,51,Backordered,False,True,True,759f2a8bd8bd6418af5dc0b8395a04cb3cba7ed46785a38438a0fbdce8e0a41e
98-064-4465,Mozzarella Cheese,Dairy,93-719-9817,Feedfire,96,38,17,7.0,2024-04-19,2024-10-01,2024-11-11,109 Twin Pines Avenue,72,84,Active,False,True,True,2ee747d0da4fdf730960e820c3617a3fdd305024b32f80907fd8025675e066d6
84-198-7276,Peanut Oil,Oils & Fats,34-158-6684,Eidel,60,88,65,4.0,2024-08-29,2025-01-16,2024-06-15,6 Harbort Hill,94,15,Active,False,True,True,d4ea10e194d425e97460ea74bd848739140198eaa4bcc205d01c14d91f490144
18-278-2383,Gouda Cheese,Dairy,73-210-4267,Skimia,97,77,13,7.0,2024-11-11,2024-09-15,2024-07-02,96 American Center,43,40,Backordered,False,True,True,7ec77907e811d02b354db3561b4fb3e4ea528bf9f16eac7e73bd082680df45bd
20-054-3716,Chocolate Biscuit,Bakery,49-591-1019,JumpXS,11,6,100,5.0,2024-03-05,2024-09-16,2024-02-25,39 Lakewood Gardens Center,88,24,Discontinued,False,True,True,23826a4a2eb8ef95e2b74629997039d3dc99d911f977b195e35c2872b8a263c2
63-822-5278,Pomegranate,Fruits & Vegetables,27-636-1606,Kamba,14,66,1,6.0,2024-08-13,2024-12-13,2024-02-27,5900 Vahlen Avenue,86,15,Backordered,False,True,True,ac566c11c9f0585855f4a55e04489334b17398decd2113222df234fba520590f
01-439-6231,Sunflower Oil,Oils & Fats,08-490-1714,Skidoo,88,100,17,2.5,2024-12-11,2024-10-28,2024-12-09,8 Spaight Circle,25,28,Discontinued,False,True,True,868d2c0af8d21479e92cf9330ec2e6a3906b6551f159c60f06a56c0a0fd0cca4
06-690-2335,Jasmine Rice,Grains & Pulses,66-317-4895,Jabbertype,24,15,6,4.75,2025-02-22,2024-06-16,2024-05-07,5 Linden Terrace,35,4,Discontinued,False,True,True,6a004c306616180b7a7add8b825f148f5618a52451b3e822e1f413efb2f75908
47-554-5780,Haddock,Seafood,62-979-5038,Babbleopia,93,62,65,9.0,2024-06-09,2024-06-22,2024-04-17,1 Westport Crossing,78,87,Active,False,True,True,e2ed9f3a1c865192fd1b49f7478dd7e694535a922a38b8f8298f754047636580
70-587-1204,Black Rice,Grains & Pulses,41-399-9203,Reallinks,68,68,97,6.0,2024-07-08,2024-07-15,2024-06-23,2446 Anhalt Way,37,31,Discontinued,False,True,True,e16a7aa15d254395aa2b93b2bf207c4850e5370f57f133a4146c3dcce7a6d7a0
97-710-2449,Rye Bread,Bakery,39-676-9308,Tanoodle,28,94,80,2.8,2024-05-23,2025-01-23,2024-06-19,0 Miller Pass,31,1,Backordered,False,True,True,23d878de6d11a3e00df058b6217d6d3fff0c16f1c667fca7eb2e242982c7bf14
51-462-0747,Lime,Fruits & Vegetables,40-417-9838,Vinder,21,30,32,2.0,2025-01-22,2025-02-07,2024-03-10,453 Dryden Park,43,54,Backordered,False,True,True,c3920d87a0976cd6807c049659393f6dba816292548169bca80da289643a94e4
90-492-0564,Pomegranate,Fruits & Vegetables,18-085-1667,Shuffledrive,92,96,56,6.0,2024-11-18,2024-06-25,2024-07-20,54 Pawling Crossing,32,22,Discontinued,False,True,True,9b2772f22f7462f5ad1bf947b882a6127c83df67fa9d1320dac06342c3a722c8
63-956-0739,Robusta Coffee,Beverages,17-123-1252,Jetwire,68,12,42,10.0,2024-12-05,2025-02-21,2024-12-22,6808 Chinook Parkway,39,6,Backordered,False,True,True,81324766fb73e6f7a1a4179bc5bd162752c132a6cb9cfef5d39c0f3785cdd6a3
30-832-5429,Multigrain Bread,Bakery,41-800-2842,Topicshots,46,43,46,3.5,2025-01-10,2024-10-05,2024-09-17,894 Kingsford Road,68,59,Backordered,False,True,True,98a879c77d896de6532a2a023d652e1df4c1927a9719f4d4a657e3cf0c49a2a9
38-822-8005,Cucumber,Fruits & Vegetables,45-886-1540,Innojam,47,20,65,1.75,2025-01-19,2025-01-12,2024-03-31,6 Stang Hill,49,19,Backordered,False,True,True,0386f92fa3c83a3d0ba8721b0aaa8b22b89e5c652cef8526e532c6db63346039
73-118-1117,Olive Oil,Oils & Fats,55-557-8544,Layo,52,88,55,6.0,2024-05-27,2024-05-05,2024-11-13,482 Green Center,100,46,Discontinued,False,True,True,11488d5ae64526288a5793145597e4d3d764c41ed1e401bfc4c3420ec029fa1b
60-285-3783,Mushrooms,Fruits & Vegetables,58-827-9061,Youfeed,51,62,95,6.0,2024-04-07,2024-03-28,2025-01-15,37973 Parkside Junction,52,21,Active,False,True,True,08ca37350da2c8c187debe736e97e15560c6bba67a75d7f2a77575c404b56abe
00-215-7434,Egg (Goose),Dairy,85-272-3969,Quatz,14,63,74,2.5,2024-04-28,2025-02-19,2024-11-28,389 Ridgeway Park,59,63,Backordered,False,True,True,b2234276861aedca8ab259511f1503113a5b13b4201ee0e75ef50ae2774339be
68-734-1585,Greek Yogurt,Fruits & Vegetables,54-537-5633,Meeveo,62,44,11,51.17,2025-01-08,2024-04-16,2024-07-13,3 Hagan Drive,92,37,Discontinued,False,True,True,df5eabcf8fe965a9a0db7a84ac7b847639ab1fd22fdd123a324614dac1223053
08-703-1382,Peach,Fruits & Vegetables,29-975-3449,Wikizz,40,53,7,4.0,2025-02-21,2024-03-06,2024-06-21,082 Clove Plaza,70,20,Backordered,False,True,True,7344dcf6c76db7540877b6ddb8e4802f93ddd1425718dc64374251d0f4aa4800
65-282-0419,White Tea,Beverages,85-932-1011,Feedbug,50,100,91,25.5,2024-12-28,2024-07-17,2024-12-05,509 Waywood Center,29,31,Active,False,True,True,513c9c5003aca8e9e7902f05d5041a6c29b76677317bd798fb529d4b96468651
62-777-6010,Sushi Rice,Grains & Pulses,40-914-7156,Katz,77,20,37,4.25,2024-07-03,2024-03-06,2024-11-05,5743 Superior Place,42,19,Backordered,False,True,True,cb4ab2c0fc1263ea980b5280b204d6a316e4d7b5dce3809a6011208396c70520
87-675-1506,Strawberries,Fruits & Vegetables,21-697-8128,Skalith,31,89,7,5.9,2024-08-26,2024-12-07,2024-05-21,60241 Portage Point,46,54,Discontinued,False,True,True,f9f8b084b2d354dd5fe154bd3c684e04967ad0de5dd1e53c86dea056e8f15d36
67-027-7269,Mushrooms,Fruits & Vegetables,50-050-5707,Twitterbeat,35,19,30,6.5,2025-01-06,2024-11-30,2024-11-09,615 Mayer Drive,88,6,Backordered,False,True,True,f591b48cc6148f136f0a64d551e8e11c62e1ec3eca336c190524a066055ee1e6
72-066-4597,Broccoli,Fruits & Vegetables,97-994-0773,Zoovu,31,54,52,4.0,2025-02-20,2024-12-08,2024-12-13,03 Fisk Alley,69,77,Active,False,True,True,57685a8dd7fd142587010c308e871b0ef619efb466fbe6f53467528494a5a2fa
31-627-6025,White Bread,Bakery,17-084-8551,Ozu,56,62,64,2.5,2024-08-22,2024-09-03,2025-01-20,44638 Corscot Lane,56,73,Backordered,False,True,True,38d4299e0f1d1d6ee042d6e8cf6924cbfdb46a08b4723562e99960d716dca431
09-286-8107,Greek Yogurt,Dairy,90-727-4816,Skyndu,90,62,54,3.0,2025-01-20,2024-09-07,2024-12-15,75 Bunting Junction,70,83,Discontinued,False,True,True,f9782ae04760dcdcb326ccac8fa409ca751b57f76b97a4a058266df9758df39c
77-013-1553,Canola Oil,Oils & Fats,42-252-5861,Yodo,79,31,66,2.3,2024-04-10,2024-10-13,2024-08-20,48788 Chinook Place,92,13,Discontinued,False,True,True,3d751a5f2c85e92596dd4dc499cc966809c579087533ee32472d868455381c37
15-762-1058,Lime,Fruits & Vegetables,32-914-1424,Tazz,29,83,91,2.0,2024-11-29,2025-02-07,2025-01-04,083 Mccormick Park,81,53,Backordered,False,True,True,ea2d4a2d7b06450040999a6acfda85fb78f389824007d395b42f84a14533e594
48-193-1199,Canola Oil,Oils & Fats,63-924-5144,Omba,46,51,92,2.3,2024-05-07,2024-12-24,2024-06-09,339 Paget Place,47,25,Discontinued,False,True,True,558dcccfa6383637701a59d9c5beeb1d376d2b5a308b62cca1023e954e81f232
01-173-0029,Blueberries,Fruits & Vegetables,18-880-7910,DabZ,42,4,53,10.0,2025-01-10,2024-07-05,2024-04-12,8 Dakota Avenue,37,53,Active,False,True,True,0d46a8c54601650eafc64178d8f085bdb0dac852fb573c7a668db2fb10c44da8
79-400-6216,Mozzarella Cheese,Dairy,83-361-7509,Devpoint,16,56,13,7.2,2025-02-10,2024-03-10,2024-10-02,4 Warbler Center,56,28,Discontinued,False,True,True,d093a23f6134beb97dabcf0b99f0a416a445ec3497604ac12692c132c6c2fe7e
80-072-8774,Tuna,Seafood,61-222-8413,Viva,89,95,41,18.0,2024-09-24,2024-07-06,2024-10-15,239 Anderson Court,76,96,Discontinued,False,True,True,b1455e97d02fd63d7c3d89fa5df3d3e1fb7e7013a2e9761098941f5c4a7a6177
78-689-8958,White Tea,Beverages,52-744-6162,Chatterbridge,20,43,43,25.0,2025-01-07,2024-02-27,2024-03-29,04 Mesta Parkway,73,6,Active,False,True,True,a3bd374a772a47052672accc02363876ebc4b7926249b51e90f5bc42c40e01d6
57-562-2358,Black Coffee,Beverages,22-644-6447,Quamba,37,94,76,15.0,2024-06-17,2025-01-19,2025-02-04,00 6th Parkway,94,66,Backordered,False,True,True,90467c4ee6010e1566405f571c0b31ab79e4a7f14a3f9161cf9578d390bfdab5
56-191-6497,Bread Flour,Grains & Pulses,65-395-5947,Bubblebox,97,41,68,1.5,2025-01-14,2024-10-04,2025-01-07,844 Schurz Point,35,16,Discontinued,False,True,True,71051a758116e0ef42a50d098d9d5aac77fe246bc3eed29c96a2672ebce93f9e
46-753-8430,Feta Cheese,Dairy,35-042-9391,Rhynyx,98,77,7,7.0,2024-10-02,2024-11-19,2024-08-05,60356 Derek Lane,92,29,Discontinued,False,True,True,b8b68c5d2cf778b0a3dc6bdc9d926d86a61155dc21487a660ce59c485294b4e0
48-461-3742,Kiwi,Fruits & Vegetables,78-381-5054,Zooveo,37,8,50,6.0,2024-07-06,2024-05-17,2025-01-23,42719 Milwaukee Avenue,47,62,Discontinued,False,True,True,1085f5406b6c297d44f1f111a9cca9811ed5cf66cb8b7df3f62000e10a3b9f3b
16-354-8122,Digestive Biscuit,Bakery,61-604-8116,BlogXS,97,99,96,4.0,2024-04-25,2025-01-22,2024-11-27,66 Raven Pass,57,42,Backordered,False,True,True,f6552b0d252b616969cb08d9e91873452096a1f5868c08988175ccff8bfc9f60
76-954-1442,Arabica Coffee,Beverages,68-200-8955,Mynte,97,77,99,20.0,2024-11-22,2024-04-24,2024-03-18,43024 Elka Avenue,74,98,Backordered,False,True,True,bef46d978e8604adcdacf06a3e81047ea868ee90edbbe88000964cefdde71895
44-476-0390,Lemon,Fruits & Vegetables,48-562-3582,Flashspan,90,92,56,2.5,2024-07-28,2024-04-27,2024-03-14,022 Pierstorff Point,71,13,Active,False,True,True,c1b4a395fc7971a343c5536dac5b367844cba47d429eb762b44979fca6b98a1e
35-617-3857,Arabica Coffee,Beverages,90-718-2724,Youspan,46,31,89,20.0,2025-01-04,2024-03-21,2024-03-06,292 Charing Cross Terrace,59,65,Backordered,False,True,True,9798d1bd52590ed20db6e93c0445d312965ac12968401cb1bab907d08a6bef8d
94-029-2717,Broccoli,Fruits & Vegetables,37-878-9392,Jetpulse,40,8,98,4.0,2024-07-26,2025-02-06,2024-06-09,071 Nobel Circle,86,12,Discontinued,False,True,True,58115862b21cb82f511bc9e44487a1c98994849ebabecfbc66ac965b46507a35
49-526-7806,Kale,Fruits & Vegetables,66-973-4855,Yodoo,77,52,28,4.0,2024-12-19,2024-11-19,2024-05-01,6744 Helena Pass,48,43,Active,False,True,True,28031697fdd4ad557165c8f9083a367fcbb4d3955e474104ab172928d23ec6a1
99-137-1730,Bread Flour,Grains & Pulses,65-797-3468,Skyndu,62,79,23,1.5,2024-07-22,2024-02-28,2024-10-18,4105 Fair Oaks Parkway,32,80,Active,False,True,True,26429e26747035113af1d5e6b5a59bb61f94797d4f01939c3be543903c2a2a2c
27-442-3654,Herbal Tea,Beverages,57-544-2465,Yoveo,59,17,1,30.0,2024-07-21,2024-08-26,2024-12-03,67677 Lakewood Gardens Way,69,82,Active,False,True,True,ea23e98186bffdf18363f887791829c8358bbf3a275149505105720c340f44ae
32-933-0329,Blueberries,Fruits & Vegetables,86-760-5412,Linklinks,23,38,54,10.0,2025-01-17,2024-07-14,2024-04-15,57150 Del Sol Alley,40,15,Active,False,True,True,36e87c6ab1d7ea2bf177ae733ca6ce7709ae8ce44ccd7ac690fb02488b7937cc
93-813-2419,Digestive Biscuit,Bakery,12-264-4503,Dynabox,39,16,57,4.0,2024-12-21,2024-04-09,2024-06-22,7407 Farragut Pass,98,12,Active,False,True,True,b2a6f7bf935b4e69dead73646372ad7977a02eb7f24c247f0fc58e1066afe011
85-440-3667,Gouda Cheese,Dairy,00-680-5333,Kamba,68,29,31,7.0,2024-08-06,2024-06-03,2024-09-09,6151 Forster Drive,53,20,Backordered,False,True,True,2648552849de5e2710baa6059a577de07d4eb69a0fba3d96876478151e5127ce
77-224-2227,Almond Flour,Grains & Pulses,89-226-5813,Eimbee,75,46,75,9.5,2024-08-26,2024-09-30,2024-10-26,5426 Fordem Pass,43,77,Backordered,False,True,True,238be3ee762dbcb12cae7f3d2deaf43f6469bae1063c5aef6e6b6b1002d1e51a
60-632-8752,Chocolate Biscuit,Bakery,07-948-8632,Trunyx,96,16,48,5.0,2024-11-04,2024-04-04,2025-01-26,48 Golf View Pass,45,68,Active,False,True,True,cd584f4f229c9bf1265eaf34c268cc02fc01539c990f35e3f12ae8c5ccd9d9ba
99-561-4871,Haddock,Seafood,04-786-5408,Buzzdog,17,38,93,9.0,2025-02-14,2024-08-20,2024-07-28,952 Rowland Junction,100,63,Active,False,True,True,464ec461376fc70ac4f3010033f9e3a69f786df7b71adf5d4e501ff26be3e2ab
61-607-7622,Egg (Duck),Dairy,77-175-2969,Zoonoodle,23,38,25,1.0,2024-05-13,2025-02-21,2025-01-15,329 Helena Park,84,78,Discontinued,False,True,True,d9c3a1a67f21462cf37fdd9b014221b7edf267f79223eda8ec1cc4c828a0d8bc
11-745-3025,Peach,Fruits & Vegetables,54-711-1582,Oyoloo,15,27,21,4.0,2024-06-11,2025-02-21,2024-09-03,3104 Ridge Oak Hill,37,67,Backordered,False,True,True,9bc79e07fab5e0c55618226d22edfe0122d915ff1a2c95b767fb060f35044efc
56-810-0550,Mackerel,Seafood,94-145-9423,Janyx,71,7,6,7.5,2024-08-29,2024-12-02,2024-09-04,376 Reinke Court,52,68,Backordered,False,True,True,be24dcc4e3a2da85914fc781bf7436a55bae1029f77c5768e35a14745eeb293c
59-075-2457,Egg (Goose),Dairy,18-733-2453,Dynava,97,26,15,2.5,2024-08-21,2025-02-03,2024-11-10,2 Barby Lane,33,58,Discontinued,False,True,True,dc6c7640962dcf0b508edc32ea2460687afc4bff6e814f22a65a4e7cdb92b156
40-021-2400,Zucchini,Fruits & Vegetables,62-648-2577,Katz,29,18,86,2.5,2024-10-24,2024-11-16,2024-05-11,265 Columbus Way,53,69,Active,False,True,True,1f1baac3a0670b52e1fea947f1a1b2f68231b525e304ce289f901229dc92c932
29-017-6255,Bell Pepper,Fruits & Vegetables,43-348-2450,Eimbee,46,64,17,4.6,2024-03-01,2025-01-06,2025-01-31,20 Pennsylvania Parkway,96,55,Discontinued,False,True,True,4212d4fb667c22b053b576029a9931676018d91cf87aa48b358520c2063a8640
92-291-7089,Cheese,Dairy,08-523-5066,Jaxspan,76,15,99,9.5,2025-02-01,2024-07-26,2024-05-06,9307 Kingsford Road,60,49,Discontinued,False,True,True,0dd66cda0136bee0646b3e1c3d3a8e3dd16c889b97b70061f7bfda245563a547
69-287-9113,Zucchini,Fruits & Vegetables,20-952-0731,Jaxspan,59,91,24,2.5,2024-10-27,2024-06-29,2024-12-16,11 Golden Leaf Alley,54,87,Active,False,True,True,037e5f80fb909dca032773f0bb579c31ee4f5387c8bee5587762c779a453be6f
76-540-6407,Orange,Fruits & Vegetables,78-644-5877,Demimbu,92,54,73,3.1,2025-02-07,2025-01-17,2024-12-13,77 Prairie Rose Park,79,1,Backordered,False,True,True,ef4885620d72cb6110e844a0c561bfed21777503869aa1f7dd88c3998ce453a0
85-561-4694,Kiwi,Fruits & Vegetables,57-486-8971,Tazz,28,27,22,6.0,2024-05-15,2024-08-15,2024-05-11,1 Lake View Trail,70,30,Discontinued,False,True,True,56735268329d27f0ab5a0defdca9b48b8f1b78c55177e93aad2f77ef99396ac2
34-928-2775,Coconut,Fruits & Vegetables,07-959-3210,Browseblab,19,47,25,5.0,2024-12-18,2025-02-24,2025-01-28,7945 Mayer Center,96,37,Discontinued,False,True,True,cbf00d7bc9c8c07c00c75e9677c18199438d156733405da800cfe2328885fd7f
90-773-9557,Butter,Dairy,02-165-5779,Npath,85,28,21,3.0,2024-08-20,2024-06-30,2024-06-12,904 Del Mar Crossing,45,89,Active,False,True,True,3f2f215ed1786fb4c41575158c3ffb32a70a5912134f92baeac793f649aaf436
57-394-1587,Bread Flour,Grains & Pulses,59-595-7531,Roomm,57,63,41,1.5,2024-08-25,2025-02-17,2024-10-30,561 Blue Bill Park Road,53,94,Discontinued,False,True,True,def714d0e5b3236f0d67ac0d298a17ef9a7522e6b3dfd95e1084694201e27677
28-008-2951,Broccoli,Fruits & Vegetables,64-118-1480,Buzzster,95,29,28,4.0,2024-07-20,2025-01-16,2024-05-20,26 Barnett Junction,52,46,Discontinued,False,True,True,0c9601e38270ed6d5b6cf303d8473ca0094986ea37e07719623d046a219308ea
74-711-7160,Sushi Rice,Grains & Pulses,40-662-8853,Meembee,84,69,77,4.5,2025-01-22,2024-12-28,2024-06-01,44296 Kropf Avenue,39,69,Backordered,False,True,True,be78a1860290b0d58c6bdf82bcf224583016131b9437337d9c7cc988aa072f74
22-895-6595,Rice Flour,Grains & Pulses,18-445-5057,Topicblab,31,32,69,2.0,2024-02-29,2024-06-04,2024-11-21,34642 Carpenter Place,38,23,Active,False,True,True,b6f1bc619bc4c3cededb1523c95265c34891977e64f0423aa0ffeb5d43ac5d43
19-214-5762,Pear,Fruits & Vegetables,88-108-3774,Gigashots,41,52,75,4.5,2024-04-06,2024-04-24,2024-10-13,7 Bonner Terrace,57,62,Backordered,False,True,True,eba6f28770d964df9812baff760a1d80b2eb2792a7fda73b327fd77894282597
95-349-0828,Feta Cheese,Dairy,43-977-2343,Avaveo,97,57,84,7.0,2024-09-27,2024-08-29,2025-02-06,60 Towne Hill,95,28,Active,False,True,True,6d35ffbae623177ea92c9afdcbbe369c077cbdd09c9eb2bc9b6a2aabfa013f25
00-963-2193,Milk,Dairy,39-521-8484,Thoughtsphere,43,88,33,1.0,2024-07-19,2025-02-03,2024-12-23,5030 Moose Junction,84,75,Discontinued,False,True,True,919ead6b31a1bd9c043e3089c5c765a85f3ec1950353dfab29c1d54fd556e0b5
76-459-2392,Palm Oil,Oils & Fats,91-030-6609,Fivebridge,74,4,67,1.8,2024-03-26,2024-04-13,2024-05-24,2005 Mccormick Road,31,34,Backordered,False,True,True,21ca37ffaa998c6039557273b22c0a9f683306f6cda72e822bbb5408f4ce8837
10-034-7654,Bread Flour,Grains & Pulses,27-292-4656,Zava,70,96,92,1.5,2024-04-18,2024-10-25,2024-05-28,21 Esker Way,27,58,Backordered,False,True,True,7602d7018d34d685731ccbca6df4ee0e59d9ff1e7f6799488a51c1ab9ef906a6
24-972-6969,Cheese,Dairy,27-532-7847,Twitterbeat,69,53,32,9.2,2024-09-11,2024-05-28,2024-06-13,5862 Hooker Pass,28,56,Active,False,True,True,5785fbb09e11cf7b01107b445d06a505cf4c567b21fe308b68735f2bcf5eb1a0
94-190-5193,Carrot,Fruits & Vegetables,95-778-2888,Quinu,67,68,50,1.5,2024-09-23,2024-11-21,2024-04-09,24385 Prentice Plaza,67,82,Discontinued,False,True,True,015e304b7518cfb2e77e89ee116da2482b4cd9e71841462ee123ad2114f30341
92-791-0606,Short Grain Rice,Grains & Pulses,56-050-1773,Photobean,18,62,2,3.0,2024-03-26,2024-04-28,2024-09-06,739 Grayhawk Trail,61,78,Discontinued,False,True,True,2a0a54894575603af79a219e16bc1278407d7f97ca871041daae4f5e095715cc
84-629-1532,Arabica Coffee,Beverages,50-378-4320,Chatterpoint,22,89,25,21.0,2024-02-25,2024-11-27,2024-07-20,7 Sloan Park,30,62,Discontinued,False,True,True,0a0f45bb9c4bc7c60edff2a752839ca6201bb366ad19f66b75ef27a46bd08731
68-977-2498,Grapes,Fruits & Vegetables,26-222-1156,Skinix,88,99,41,5.5,2024-07-30,2024-05-20,2024-07-21,6482 Ramsey Alley,93,99,Backordered,False,True,True,f4f6c4a593ea73c3c35282fe79f13f4c1d9e8b378e2f7fe0379d7f42b069e4a6
91-257-3672,Tilapia,Seafood,30-438-6295,InnoZ,78,75,3,7.0,2024-08-08,2024-12-18,2024-07-05,10997 Dexter Parkway,63,100,Active,False,True,True,2d2a8930999a745ba826b40a58cd62d5448c35073429d3092eff719b7f4e691d
09-536-2626,Olive Oil,Oils & Fats,14-483-5712,Fliptune,83,52,32,6.0,2024-10-17,2024-08-26,2024-03-21,205 Straubel Court,47,7,Active,False,True,True,b21b4d1d5915bb42aea4da6ff4d80d859c30d93b8c0013f0eb81e3361b68141c
61-801-8665,Robusta Coffee,Beverages,78-283-9751,Demivee,42,88,17,10.5,2024-10-19,2024-12-06,2024-06-24,58 La Follette Park,34,51,Discontinued,False,True,True,24336d19d6c09fc7e941fd3b484eb110f7f05c3248922a2f3239b1f8b32ac1bb
38-296-6634,Peas,Fruits & Vegetables,41-083-3955,Skipfire,49,46,8,3.0,2024-10-22,2024-03-31,2024-12-10,160 Kings Street,82,21,Discontinued,False,True,True,679ac226c0db188d1a8f7184cf99a683d0d8dddba1f5d15dfd1e39f615fd9cf1
30-591-7275,Brown Rice,Grains & Pulses,12-431-9207,Oyondu,17,88,41,2.5,2024-10-21,2025-02-19,2025-01-18,7020 Porter Trail,45,29,Backordered,False,True,True,777a5e3d726bffd89128daf306978884281e735f9e4126a28a0849282f68fd11
83-763-5038,Buttermilk,Dairy,26-438-8349,Jatri,52,64,54,2.4,2024-11-22,2024-09-09,2024-10-23,5 Armistice Parkway,21,55,Backordered,False,True,True,faab756269a03998a148e96afec2b0cac2d628238a8373f32079e1fb5c474cca
37-709-3532,Mushrooms,Fruits & Vegetables,08-439-3820,Demivee,79,45,39,6.0,2024-10-29,2024-11-07,2024-05-11,524 Saint Paul Park,55,20,Backordered,False,True,True,73b3504f1a5fa72495533f61c97b0a24770249e837679b2df799c6bfc40f4776
62-795-7801,Palm Oil,Oils & Fats,08-312-0872,Buzzshare,35,41,84,1.8,2024-08-17,2024-07-28,2024-11-23,94451 Arkansas Park,62,14,Backordered,False,True,True,7a07b6decde2df1f81cce801a7d0c77d0e01956124b17e360d842bd0c242053e
98-575-4736,Cucumber,Fruits & Vegetables,44-429-6199,Flashset,76,11,15,1.8,2024-10-20,2024-05-25,2024-09-17,83 Pleasure Street,22,91,Active,False,True,True,79be49f1e2a48afc1d4439ebba38f8c3608f499051cb1dac9deda92c783486a2
57-861-4379,Swiss Cheese,Dairy,73-383-4390,Feedmix,93,8,51,8.0,2024-02-28,2024-05-15,2025-02-04,64407 Marcy Plaza,93,85,Backordered,False,True,True,6b2366841baf7cc5cadc48b7215f072d606c51237625bed8b5bcd99b45d696cb
00-119-8780,Halibut,Seafood,14-703-2550,Jaxspan,40,81,78,20.0,2025-02-17,2024-07-16,2024-03-04,21 Sunbrook Court,39,65,Backordered,False,True,True,22f30b6f871febd8b1428ec3aef6ffaf76aa528afb8c9e208bb3b7699825eb31
28-824-9017,Trout,Seafood,93-712-3934,Flipbug,19,94,17,11.5,2024-08-22,2024-06-08,2024-06-14,4 Jay Terrace,96,74,Discontinued,False,True,True,d0d0e991c3ba6dd856a7406e818cdb276ec754ee9e489ba00447c4454bec10bc
56-668-5370,Vegetable Oil,Oils & Fats,13-526-1392,Vimbo,70,96,21,2.0,2024-11-26,2024-09-10,2024-08-03,05686 Golden Leaf Point,100,15,Discontinued,False,True,True,d6abc979cbcfcfd4899b9ff9175040fc4d07bb75bb2dde9668eb7d00db5abe94
29-756-7042,Digestive Biscuit,Bakery,20-426-2191,Dabvine,90,52,50,4.0,2024-06-29,2024-04-15,2024-05-07,99 Fair Oaks Circle,63,14,Discontinued,False,True,True,7f31c5a5b23c3d03392b6f72d63dddbc0ec76eac2f84d3561312056e13d1dfeb
41-538-3129,Digestive Biscuit,Bakery,91-589-9007,Devshare,77,79,65,4.0,2024-09-01,2024-03-17,2024-07-31,2 Carioca Crossing,62,75,Backordered,False,True,True,233bc1072012ae0e7e93f6ccdedece89afddf3534297dd815e83e7f6977cf5d6
16-380-0753,Apricot,Fruits & Vegetables,24-603-5521,Quinu,38,22,71,5.0,2024-10-07,2024-05-16,2024-05-08,701 Logan Court,33,62,Active,False,True,True,8e2992659852c9b0632b4c91836862e15ac9b42e7138dabedc56ea66969c1a66
26-535-4727,Tilapia,Seafood,17-939-1338,Jamia,93,25,23,7.0,2024-06-21,2024-08-17,2024-04-29,4 Darwin Circle,72,83,Backordered,False,True,True,b1b28892290fdd24b4af89ae3a421c84a3f9a5bd5f1902eba6ca2aedf1e30111
59-857-6577,Evaporated Milk,Dairy,57-569-7172,Blognation,23,100,77,2.0,2024-05-10,2024-08-10,2024-03-04,230 Tony Court,63,26,Discontinued,False,True,True,cafa5e65c2240b72b80fdd2ee0877534f568ccb708203d352df4ef9bb9139497
14-550-2152,Green Tea,Beverages,60-003-2919,Livepath,51,1,61,7.6,2024-03-29,2024-06-18,2024-11-17,3 Forster Point,96,26,Active,False,True,True,f0040689c85db5fae73073a16d8cbfc22d8f81fa4d9739803f5d03d614baa7ff
39-315-3936,Heavy Cream,Dairy,99-034-7010,Yata,57,62,72,4.0,2025-02-21,2024-09-25,2024-08-10,850 Glacier Hill Drive,23,4,Backordered,False,True,True,620135d66313b70edfdfec5da9c2ef8bf074a255c684691ef5103d43a4f283ba
87-199-2743,Papaya,Fruits & Vegetables,54-907-6531,Demivee,59,74,100,4.5,2024-03-26,2024-09-15,2024-11-12,38695 Kenwood Circle,63,69,Active,False,True,True,84d973961581c9bb7f130ddedea5cc72a4e03f278ad954266ba0a9565180f81e
60-771-0879,Blueberries,Fruits & Vegetables,90-554-0576,Kayveo,89,15,22,10.0,2024-11-17,2025-02-11,2024-05-03,9 Karstens Center,79,42,Discontinued,False,True,True,ac57d3a2628012a67a015ee8941cd45d5bf7b75c96d2a2a52d81181c648ab763
00-440-9568,Blueberries,Fruits & Vegetables,43-605-2448,Kamba,53,98,25,10.0,2024-09-23,2024-09-04,2024-12-20,052 Northland Trail,55,51,Active,False,True,True,27f808f348f82212bf274783cf45f58003513ad223953b5190a92e9927c64f0f
07-074-1196,Plum,Fruits & Vegetables,69-112-6969,Skajo,11,56,62,3.9,2024-04-14,2025-01-10,2024-10-10,27 New Castle Avenue,40,5,Backordered,False,True,True,a1e4f3c9aa6d887af76980945d15bda73d92814b1434589253d9a04da3fbd679
69-674-5387,Yogurt,Dairy,04-313-0298,Miboo,59,27,63,1.75,2024-06-15,2024-06-27,2025-02-01,6211 Hanson Terrace,92,82,Discontinued,False,True,True,7dcc7886513b6290e093569c2c4806f3550d0ed7723f26c151c11913f997cd1f
08-940-8578,Onion,Fruits & Vegetables,37-686-1726,Oba,34,29,65,2.0,2024-05-03,2024-10-04,2024-11-22,74 Menomonie Point,90,23,Discontinued,False,True,True,e5effce7e3e754dff08f305d81ef5fd0dc1873016fd0b2d7f53bb77019d8e3a1
94-020-6982,Tuna,Seafood,72-649-3163,Thoughtstorm,25,75,27,18.0,2025-01-02,2024-10-05,2024-05-04,381 Rutledge Place,31,36,Active,False,True,True,f36282a95fcf8361a45e687a2ad5108c6eb605f7e6615b51e45333748e3e730b
42-879-9478,Anchovies,Seafood,00-900-0119,Zoonder,81,22,20,10.0,2024-06-01,2025-02-23,2024-08-22,86 Porter Junction,95,77,Discontinued,False,True,True,cd40dab0894e9fe28b0469791768b2bb741f01895d56b7182cfd930193ec74d7
00-405-7428,Apple,Fruits & Vegetables,42-746-2717,Zava,81,74,45,3.5,2025-01-20,2025-01-27,2025-01-12,42 Mallory Court,42,23,Discontinued,False,True,True,9a4a3c49a29f39be815cf086ffc73c21789ea3934ea057cf1c57471c669a77b5
87-997-0228,Watermelon,Fruits & Vegetables,55-156-6528,Topicblab,71,4,37,3.0,2024-09-15,2024-10-24,2024-12-27,26240 Maple Wood Place,81,25,Discontinued,False,True,True,8122e9d1fcde2655daffb1963c761a46638de96868d3ea23a75bfe16999854fe
05-498-7751,Cauliflower,Fruits & Vegetables,17-963-6051,Abata,52,22,37,2.5,2024-10-28,2024-07-10,2024-03-24,30408 5th Way,56,44,Active,False,True,True,30cc857c9f7fa5d9e37d3b5dc6023a361ee39101b5e65a0cb63356a75a1af321
55-631-7937,Greek Yogurt,Dairy,79-508-5241,Avamba,26,54,90,3.0,2024-10-15,2024-06-19,2025-01-21,82 Drewry Junction,25,81,Active,False,True,True,6aeeb072a3ff36b3f65a19a1716f8695dd2264d2a34fabb40669a11cfedc8968
27-389-3529,Haddock,Seafood,73-201-2803,Feedfish,84,8,54,9.0,2025-01-14,2024-04-23,2024-03-09,234 Eagle Crest Avenue,60,38,Active,False,True,True,87759eec43446aefede17c5d65d3ec0df8cf50d1e812cca92ac40fc1ab3c36b3
84-272-0790,Blueberries,Fruits & Vegetables,00-635-4638,Eidel,28,86,44,10.0,2024-05-23,2024-11-18,2024-07-29,53 Caliangt Junction,48,12,Backordered,False,True,True,dcbb2a808c269e4f5cba5fa661b0f0a02e4ef2c018857d483dbe72810f898dd0
01-903-5373,Strawberries,Fruits & Vegetables,37-902-0286,Lazz,94,77,89,6.0,2024-09-30,2024-06-20,2024-06-21,32525 Marquette Park,40,84,Discontinued,False,True,True,074373d5517f97045fec0a9605c5b1ff374f55103409e8bbbc3e8f5b9031ff07
49-311-3063,Kiwi,Fruits & Vegetables,15-947-9718,Talane,47,75,53,6.0,2025-02-06,2024-10-03,2024-07-03,71 Bultman Drive,70,20,Discontinued,False,True,True,6e47afa4a30bcf72454eb016d89cf55ae0d0499bc8068a2ffdb491a5eab4dff0
04-277-5245,Coconut Sugar,Grains & Pulses,90-175-7764,Bubblebox,20,51,21,5.0,2024-03-19,2024-07-28,2024-06-18,911 Ridgeway Way,71,26,Backordered,False,True,True,728e494264273b9752324671396aa03150560424bccebd35daa5499100d34c27
04-453-5485,Tomato,Fruits & Vegetables,43-880-2879,Quatz,84,20,58,2.5,2024-04-08,2025-01-10,2024-04-02,2 Sunbrook Lane,86,64,Backordered,False,True,True,a492f39e8ba161acfdb2ee475764d26fe84b730ba7eb1faacba4eb5ed5a76f90
42-141-5718,Cheese,Dairy,67-662-3444,Mydeo,100,31,43,9.0,2024-09-13,2025-01-06,2024-12-26,1700 Briar Crest Parkway,88,52,Backordered,False,True,True,d8df85aa0c833e249ddbce05063b86be6dae15bc9787ad7143b0c3d02c27dc0b
89-602-6755,Milk,Dairy,51-054-3811,BlogXS,74,90,26,1.0,2024-05-23,2025-02-07,2024-07-17,4 Bashford Court,24,11,Discontinued,False,True,True,a383373318fe196648e8923a4b1d0ee9eba6f365cac00bab6edf8a5e55beaf68
15-045-8444,Green Coffee,Beverages,29-143-2001,Aibox,27,12,93,12.0,2024-03-04,2024-07-12,2024-03-27,97 Thierer Terrace,88,83,Discontinued,False,True,True,ac81d801645c6e48dc76d021643acc742409f87af16b3a2596fd030e6984d2f0
15-240-6267,Eggplant,Fruits & Vegetables,12-983-3026,Mybuzz,91,55,94,3.0,2024-03-11,2024-04-10,2024-04-26,25784 Old Gate Crossing,42,93,Active,False,True,True,14129e75d327768af845f2c51334b8f16a07fb01974f0a620f387227463c8a82
05-193-8096,Grapes,Fruits & Vegetables,86-709-5618,Rhynoodle,82,21,85,5.5,2024-04-14,2024-03-19,2024-07-08,38 Rutledge Plaza,39,18,Backordered,False,True,True,f1ebc77ede02ed15d85a05cd59a2cfa0214c7155551007461b0df1676e7f7c05
93-342-8794,Bread Flour,Grains & Pulses,93-688-1260,Realblab,84,91,86,1.5,2025-01-08,2024-12-07,2024-11-22,39102 Division Trail,83,95,Backordered,False,True,True,4012d1764d1d678e5675eacee995570448f996edb5cb7f36119a4aa48f847a27
83-716-2177,Halibut,Seafood,79-518-8344,Linktype,18,46,26,20.0,2024-04-10,2024-10-10,2024-09-13,26266 Esker Point,57,95,Backordered,False,True,True,368af66774bbaec090f0b4be6be44949dc50532f6e01de4f275e047d2c6970ba
56-635-6764,Sourdough Bread,Bakery,20-257-6927,Avamba,12,59,62,4.5,2024-06-03,2025-01-16,2024-08-05,744 Green Center,75,92,Backordered,False,True,True,7fe1bd9e3c649d6b8bd4e82653307c9005a87f578586da3ac6d700d3fcfe33e9
10-249-7928,Black Rice,Grains & Pulses,69-861-0313,Voomm,85,4,75,6.5,2024-08-18,2024-04-03,2024-11-03,57598 Russell Center,95,70,Backordered,False,True,True,446b60904dc6ad6790c8a8029be573c4336ea7b3a97a3605d959fb5b83ee3254
65-759-3721,Butter Biscuit,Bakery,21-634-5781,Vipe,33,60,67,6.0,2024-06-16,2024-05-24,2024-12-28,315 Acker Alley,20,7,Discontinued,False,True,True,c696dc9cc73eaca203749af9d20d429021674a567160dd2323c4b591668fc7d0
08-725-8156,Tilapia,Seafood,32-196-4714,Flipopia,59,59,10,7.0,2024-08-18,2024-11-10,2024-03-15,73397 Steensland Circle,57,50,Active,False,True,True,b82d7d3561d5c8919817d85af71e6414dd8e177951427ebb3d1fee391ff86d86
15-679-3935,Grapes,Fruits & Vegetables,35-906-1010,Jabbersphere,22,69,87,5.5,2025-02-09,2024-06-15,2025-02-20,95 Garrison Plaza,34,26,Backordered,False,True,True,5c3078dedfc0b1b2edfa853319a334c26e08ece4485e6e3ccdabae4e01d17f91
81-578-7404,Gouda Cheese,Dairy,90-177-6733,Rhyloo,67,79,98,7.0,2025-02-13,2024-08-11,2024-04-06,5989 Longview Drive,73,36,Active,False,True,True,286ba2637308e58cb5938c3f7eef0c59df446fdc7bd4999b62791a014f30c9a3
82-380-5378,Cheese,Dairy,96-353-3049,Oozz,78,24,31,9.0,2024-06-01,2024-06-03,2024-03-07,05518 Saint Paul Street,60,41,Active,False,True,True,9ee8953753efd618a3cc4b376e30846fb2e6bb6a7a1f2fa29244baf261060335
78-362-8578,Lemon,Fruits & Vegetables,57-633-6273,Vimbo,72,32,80,2.45,2024-07-06,2024-11-17,2024-04-10,86 Corben Crossing,25,9,Backordered,False,True,True,07bebef0719231056e9592aae336265d56beeeb008ceee2e0efff482233ecfe7
32-261-0008,Heavy Cream,Dairy,26-073-5798,Oyoyo,63,48,22,4.0,2024-05-30,2025-02-18,2024-07-18,2 Kingsford Center,21,90,Discontinued,False,True,True,0c0bf72c0873c90fb6af107668ed9ecb90685b1d6956cab3725c8f142b7007e3
74-943-9034,White Bread,Bakery,15-739-5480,Tagfeed,30,91,34,2.5,2024-07-11,2024-11-18,2024-05-06,0 Saint Paul Center,97,88,Active,False,True,True,cc22941df37fef7e7078f5f38378167a193fc4d07c02cc6649a7e70512d6c15f
86-330-0214,Arabica Coffee,Beverages,87-840-7803,Jayo,36,64,63,20.0,2024-03-15,2025-02-18,2024-03-30,5818 Twin Pines Place,91,35,Backordered,False,True,True,b61af07f17b2d3f31bde698d726bb67be9e2e2d448f2d0af127f560317ade647
80-334-0215,Grapes,Fruits & Vegetables,19-156-3869,Camimbo,88,27,92,5.5,2024-11-27,2024-04-30,2024-06-22,611 Waubesa Circle,57,37,Discontinued,False,True,True,4ad762a8cd37508ae8cfdf9ae434c46c6a33bbcf945253bf476478996c2606be
48-957-8596,Banana,Fruits & Vegetables,40-817-2222,Youfeed,95,25,91,53.82,2024-09-04,2024-04-24,2024-10-18,3825 Raven Avenue,87,5,Discontinued,False,True,True,55be1979900c0bd600aefac8bf600d90e0b963fc0c544b6318f6b1fd7e317044
37-246-0018,Broccoli,Fruits & Vegetables,61-907-0994,Skilith,30,59,76,4.0,2024-03-20,2025-01-14,2024-04-11,52 Alpine Crossing,61,3,Discontinued,False,True,True,3cca35201f23c58723fdb96eeefd217c868ddfd40a9e3992895fb0e8cd87f796
17-002-4721,Green Beans,Fruits & Vegetables,38-310-4533,Omba,31,55,5,2.0,2024-09-10,2025-02-18,2024-10-29,379 Duke Court,71,46,Active,False,True,True,92c0c47f4fdf990ece911a118045c8c61acf3a42e7315da5c64c0e9a277d185f
47-802-5023,Cod,Seafood,51-010-8144,Buzzster,16,20,45,8.0,2024-04-30,2024-10-18,2024-06-07,7096 Mcguire Park,81,62,Active,False,True,True,a0644c9dd85d2062e6bf32705c807eaa3148f339a410db14e47b0363050cda72
22-319-1377,White Sugar,Grains & Pulses,82-266-1796,Skyba,14,16,93,2.0,2024-07-23,2024-03-03,2024-06-21,083 Gulseth Pass,39,30,Active,False,True,True,fefad3dac6e2abc2763185299a3f65f6f08f0163ff4bd51d530b018fd374b525
57-903-6434,Tomato,Fruits & Vegetables,30-460-3122,Shuffledrive,44,67,15,2.5,2024-03-13,2024-03-10,2024-03-23,34 Linden Court,82,51,Active,False,True,True,dc7a8b4e453abb4d3b5028c57bb0edfbcdf22f93695d92a466cb2f137bee89cb
22-083-3347,Long Grain Rice,Grains & Pulses,01-431-7544,Yodoo,69,82,58,1.5,2024-07-07,2024-04-29,2024-04-30,38 Superior Road,34,22,Discontinued,False,True,True,ed4c53d3abad006d405a9cc64850f67aaff2be9a7cf3387e3c3f53ebdc8737e6
65-145-9672,Long Grain Rice,Grains & Pulses,65-068-1200,Gigashots,71,10,49,1.5,2024-08-11,2024-03-16,2024-05-26,8 Dovetail Junction,66,43,Active,False,True,True,fff39232d1ba4c0946b93e2abff269581e375883d0e9348972cfcb2c889f3b57
95-252-9619,Carrot,Fruits & Vegetables,38-819-2922,Skynoodle,92,39,50,1.6,2024-12-27,2024-12-07,2024-11-09,57453 Northwestern Alley,30,41,Backordered,False,True,True,e43fb02a5c3b43407cd2b11394ffcd67720748469013e6fc79d4ba3d0d99bfd5
74-294-3760,Peanut Oil,Oils & Fats,81-233-6894,Babblestorm,49,17,54,4.0,2024-09-23,2024-11-30,2024-11-27,0109 Stang Terrace,45,96,Discontinued,False,True,True,ce7662365c8c8024c2d5a3127bfc2166b19155057d1f3fe3a47bd1b78e8aba75
06-797-4963,Pomegranate,Fruits & Vegetables,41-821-0197,Innojam,52,8,37,6.0,2024-08-31,2024-08-15,2024-08-16,1008 Welch Street,38,81,Active,False,True,True,716646f3e093d575c3857a8380da45e2644a1f8d3e3ce670e014234f5446a8ba
39-768-8205,Egg (Turkey),Dairy,07-987-4536,Gigabox,56,97,29,2.5,2024-02-28,2024-07-17,2024-11-29,32 Rigney Terrace,82,100,Backordered,False,True,True,645fe923b25e0c526e623adf939d5f335acdb56e330828df7ca4b3da3a336380
03-043-9933,Strawberries,Fruits & Vegetables,48-450-4126,Yombu,16,23,76,6.1,2024-07-21,2025-02-09,2025-02-08,884 Fieldstone Plaza,50,27,Backordered,False,True,True,bc06c5d017f02548b35c53f90ccc3c2cd68f4769b68c2d7fc76b2337ec51183c
29-823-6004,Zucchini,Fruits & Vegetables,10-295-7996,Trudeo,52,79,87,2.5,2024-06-11,2024-04-04,2024-03-10,3 Lawn Park,36,100,Discontinued,False,True,True,16bccc6d2b0126e8187e26bfcf775d0a4dd21d58da2c63848999c1272615d759
40-462-2952,Trout,Seafood,57-323-8059,Browsezoom,91,68,80,11.5,2024-08-12,2024-10-14,2024-11-19,0258 Shoshone Center,81,85,Backordered,False,True,True,f4ce0d2dd05946fb1f266005a7d475d65b1c93f5e4e08a5b250fa7da1eff8cc0
71-999-2404,Mango,Fruits & Vegetables,01-285-0018,Meezzy,58,58,28,4.7,2024-03-18,2024-08-05,2025-01-29,18 Warrior Circle,85,63,Active,False,True,True,5c24d144e165bf526bd0c89ba5c9ebef436846b4eacc4d60928e7c44042e5ae4
03-919-9890,Halibut,Seafood,69-289-8783,Wikibox,47,29,70,20.0,2024-08-09,2024-12-07,2024-07-25,7 Riverside Road,61,44,Active,False,True,True,1a32576e33f1c76884bb468697ea130c5587b6f4435d97a6d3b7f3e242efe723
94-525-6925,Rye Bread,Bakery,31-892-6816,Kwilith,50,56,63,3.0,2024-03-27,2024-05-16,2024-09-17,667 Arkansas Circle,70,100,Discontinued,False,True,True,fcb7c7e1ba62394e71b15d4f03369617c957bb9851ba39d6a7fbb0b78d8ba4aa
08-213-2058,Sour Cream,Dairy,13-179-9553,Babblestorm,43,73,14,4.0,2024-07-28,2024-09-07,2024-08-26,33 Clarendon Hill,59,65,Active,False,True,True,4d09f2575f9914b7b71cdb80802ca42977b34559404a23666990333987008b9a
51-312-8608,Cheddar Cheese,Dairy,06-315-0552,Jabbersphere,68,60,21,8.9,2024-02-27,2024-10-02,2024-04-29,406 Westridge Alley,79,46,Active,False,True,True,5de4a7e5eb4507b9b70b34b6061806ac9050f905251725024619b1d59cd7149a
67-512-9754,Egg (Turkey),Dairy,35-941-2585,DabZ,19,100,83,2.5,2024-04-25,2024-07-21,2024-03-22,69 Orin Plaza,66,28,Discontinued,False,True,True,c4d39dc1248c9c1f82e7feda46a8126ef78682e32699600c3038afa7b463e0a5
45-402-0421,Swiss Cheese,Dairy,87-201-6047,Quinu,70,84,72,8.0,2024-07-20,2024-12-08,2024-07-14,36 Longview Street,71,20,Active,False,True,True,25fd8d96a3deed75a305c1c2ed56d679975cfe1d8783238eb98db7493aab5c44
85-207-4164,Eggplant,Fruits & Vegetables,07-067-3439,Tanoodle,97,20,72,3.0,2024-02-29,2025-02-06,2024-12-10,41 Comanche Park,29,59,Backordered,False,True,True,a0f3aac364026b72de7c0486d354fb55f357b7b7a5b4a78719540c6a688bd7c0
72-780-6006,Sunflower Oil,Oils & Fats,81-292-4650,Voolith,87,24,19,2.5,2024-05-11,2024-12-13,2024-04-17,88721 Dawn Crossing,83,3,Discontinued,False,True,True,2af31dc86740e0db1e09ec3ded3f93c723c9067a405eae464656059fe60faa8b
93-166-3169,White Tea,Beverages,21-156-0102,Viva,58,81,66,25.0,2024-06-24,2025-02-13,2025-01-02,339 Crescent Oaks Plaza,85,78,Active,False,True,True,be056ea555f06aaf90dd9024473cdddc3e485c524542e04afcafa5c552a8cd4d
21-718-6746,Coconut,Fruits & Vegetables,96-012-3393,Eamia,16,53,12,5.0,2024-06-11,2025-01-20,2024-06-06,277 Pawling Terrace,21,29,Discontinued,False,True,True,ea10e0c0fc80a22ebc550e66330c52e53c3a8c69396a17c614493edcf4a69fab
93-966-7754,Pineapple,Fruits & Vegetables,78-787-7171,Quinu,65,35,3,3.5,2024-08-11,2025-01-18,2024-09-27,4 4th Place,25,13,Active,False,True,True,018b75e025672d0fa75d2c230aad3942202f12754ef53448785aa5b61011e8e3
47-663-5703,Basmati Rice,Grains & Pulses,52-062-2916,Kanoodle,15,49,40,4.5,2024-12-06,2024-06-14,2024-09-14,6500 Raven Drive,68,74,Discontinued,False,True,True,7b938f769ece1f6248c116a64b9a6bc0d037b4cd66377cdac1b1a66a479305aa
34-110-1040,Bell Pepper,Fruits & Vegetables,14-427-6604,Leenti,75,85,27,4.5,2024-05-30,2024-06-09,2024-06-24,42397 Knutson Place,26,68,Discontinued,False,True,True,abd68065f2b5c021f3059a0a3c1c2b5742e11b0f00f23c23f7feef8eb93b24ba
82-342-7339,Vanilla Biscuit,Bakery,14-325-9173,Yozio,80,61,23,5.5,2024-07-27,2024-07-31,2024-03-04,317 Anniversary Pass,63,75,Backordered,False,True,True,e0445e2352e72e0b39c18920f42ddd4cca9d7d9ae4e23b23a29da3bccbdeb7ac
43-670-8544,Orange,Fruits & Vegetables,16-656-4821,Camido,84,95,22,2.85,2024-06-20,2024-05-14,2024-10-07,3 Logan Trail,48,82,Discontinued,False,True,True,72d850ba18ce7bbb4ac5f6e2bf98bfa4deecec8dcfc42e4b516a4faa44cfadfc
12-439-8428,Eggplant,Fruits & Vegetables,43-542-6868,Ainyx,17,3,33,3.0,2024-03-21,2024-09-14,2024-05-31,6 Rusk Pass,49,17,Backordered,False,True,True,1f02dc076e9335aec35f03540d9ed754a10d8a298ca1cbd60e7e41652a7da726
49-919-8798,Evaporated Milk,Dairy,82-482-3670,Gigabox,64,31,91,1.9,2024-06-19,2024-08-04,2024-10-10,3 Dottie Junction,85,42,Discontinued,False,True,True,ad60f7367df3ac864c3466ae9ac2d7b68d76519df26b0bf8d34735ca3178fddd
73-567-6194,Whipped Cream,Dairy,81-927-7236,Yakitri,76,81,85,4.0,2024-03-04,2024-12-10,2024-09-08,069 Basil Center,65,68,Active,False,True,True,d497e73d55c0b5fd05e349d7ab9959edfa41ce7e093d888af592d694a582b323
83-573-4586,Sesame Oil,Oils & Fats,91-191-2324,Thoughtbeat,77,95,82,6.5,2024-04-17,2024-10-19,2024-07-18,84575 Randy Point,29,46,Backordered,False,True,True,a0ba1266f3d10520adef35aea8adcea4ad3b960b3eca90049311f3087d9ea3c6
12-798-9401,Cream,Dairy,96-609-6152,Thoughtblab,18,14,77,2.5,2025-01-05,2024-05-12,2024-05-25,5 Forster Point,78,4,Backordered,False,True,True,c0c6d73820000fe8b69627beea1c04ecc6d99329827d941e88766abcbfcc18f5
02-895-7781,Coconut Sugar,Grains & Pulses,23-109-2205,Tagchat,51,55,76,5.0,2025-02-19,2024-09-26,2025-01-24,2582 Autumn Leaf Park,21,13,Discontinued,False,True,True,e819f6f133f12b5e279c82bc39a4d7ee6cd0753d8ee3b0fac028961442c1587d
83-625-3618,Asparagus,Fruits & Vegetables,64-528-9996,Realmix,68,12,73,5.0,2024-08-05,2025-01-11,2024-07-04,2696 Katie Road,84,95,Backordered,False,True,True,fc0a201b8f44f66d00afcfaa6b1e0de40fadb6d2d5d8336f96a9f10c809a6d3e
89-181-4523,Wild Rice,Grains & Pulses,54-749-3622,Devbug,46,6,64,10.0,2024-07-23,2024-06-23,2024-12-22,022 Prairie Rose Drive,63,29,Discontinued,False,True,True,4686ee0c0287934d954052cd337dc64bda4cf903afb9151e246fd6333a4248a2
95-354-8583,Long Grain Rice,Grains & Pulses,02-057-9401,Meevee,98,40,93,1.5,2025-02-19,2025-02-11,2024-10-20,848 Mariners Cove Junction,30,53,Active,False,True,True,85b09c3f69454a2626543c7d55b8df92e4af180ae89565496df4f0a21f15fb55
90-303-1821,Onion,Fruits & Vegetables,96-786-0667,Edgewire,50,20,74,2.0,2025-02-13,2024-08-03,2024-10-05,6435 Burning Wood Drive,30,57,Backordered,False,True,True,95e35689790e8e99f3025d0519bbc68425fa3e564ac69a13888df3ea87b56bd3
71-631-5875,Salmon,Seafood,91-859-1733,Feedfish,88,83,42,15.0,2024-05-29,2024-09-09,2024-10-25,13 Loomis Alley,61,59,Discontinued,False,True,True,8cd79f5c28d2e08c66bb8138e7b1ec82c38718740f91e61c1af6d592b341137f
02-275-6061,Potato,Fruits & Vegetables,21-829-0398,Edgewire,26,16,69,1.2,2024-06-30,2024-03-26,2024-08-19,6891 Mandrake Park,64,79,Discontinued,False,True,True,4372ada801a9efee2b14c427455506892b2a5a697d05edbe02c96bf6b494468b
04-001-1793,Green Coffee,Beverages,29-359-0109,Oozz,43,38,63,12.0,2024-03-31,2025-02-02,2024-04-09,0 Stoughton Terrace,88,65,Backordered,False,True,True,5f3f3da4839251e5c0ea0457601abcc8a111a8d329fe94f4cb4022ca8055e2a6
47-749-3277,Powdered Sugar,Grains & Pulses,96-551-3929,Devbug,46,20,30,2.5,2024-03-06,2024-02-29,2024-09-13,502 Sachs Circle,54,24,Backordered,False,True,True,545d5e7939e7951cfa76a5e9751e6cbabea326c52336a760490b1e462367ea81
37-666-3902,Cauliflower,Fruits & Vegetables,58-536-6583,Meevee,19,73,60,2.45,2024-03-12,2024-08-11,2024-06-12,85276 Lakewood Gardens Alley,70,48,Backordered,False,True,True,b009d12b49cc2b8dca245f98d28d6d3f79f8592919e66cbafb8eb10ec9a88443
73-942-0508,Kale,Fruits & Vegetables,37-057-3553,Brightbean,61,100,94,4.0,2024-07-20,2025-01-14,2024-10-04,1034 2nd Point,76,2,Backordered,False,True,True,b3fe858de10ab8b0ea10f1163f622888fc65ef2578226b13996b3bf8b363f193
57-359-3397,Garlic,Fruits & Vegetables,54-659-1177,Twiyo,43,40,30,7.0,2024-07-13,2024-10-02,2024-12-19,81071 West Alley,95,26,Active,False,True,True,3d8bae9ebba4a699ec98a84b3957a6776bead0870d8d3d93460a97904ab8dba2
46-436-5351,Green Tea,Beverages,07-471-0050,Fiveclub,80,54,21,8.5,2024-08-24,2024-09-30,2024-04-16,226 Calypso Road,81,37,Active,False,True,True,0761623b6f8a93ab86498732e530a9844f8b3650923db6c4da9ee27a0b71f06c
27-881-1177,Green Tea,Beverages,64-807-5250,Skalith,34,47,99,8.0,2025-01-23,2024-07-03,2024-11-23,1223 Monument Drive,97,47,Backordered,False,True,True,58113ba875119ba4787aa80559969b45af8053b6e94c49389b93257e0f3f85fe
85-237-3505,Green Tea,Beverages,92-296-1266,Thoughtsphere,88,50,88,8.0,2024-08-23,2024-11-13,2024-11-03,20073 Northfield Way,78,28,Discontinued,False,True,True,8f57cd13e5dc4259530cae415a0dde3a1b35b7f1bf06cd4a63245a86b10d58a6
80-371-3695,Cottage Cheese,Dairy,42-254-7371,Divape,89,42,76,5.0,2024-12-15,2024-11-30,2024-12-10,163 Esch Pass,94,81,Backordered,False,True,True,ddd327d66e67314f92cb80cc87d15731127c0b9a518030d8b750f7cfb4910446
04-758-0410,Wild Rice,Grains & Pulses,56-231-2524,Wordpedia,26,21,47,10.0,2024-08-03,2024-08-16,2024-05-02,5 Toban Circle,40,59,Discontinued,False,True,True,9cc272da6f982c21edece6cde2506def7f9241a84a514b2eeb2f8bf4f4ebbe54
65-644-1394,Pear,Fruits & Vegetables,23-280-1300,Lazz,26,95,36,4.5,2024-07-29,2025-01-06,2025-02-10,582 Dahle Center,92,14,Active,False,True,True,4e0244766d1c117ce834fa3b1168fa1b26e9eb6a91d76f56660761949fc73415
04-293-6969,Peach,Fruits & Vegetables,69-087-6645,Linktype,37,38,24,4.0,2024-06-15,2024-09-02,2024-08-20,0 Oak Valley Lane,93,32,Active,False,True,True,e21c387abb1873d5e3591034e03d7267f08e321a6b831cf922a6d249772bf762
40-997-2786,Yogurt,Dairy,18-743-4684,Browsecat,76,98,41,1.75,2024-11-14,2024-05-23,2024-10-14,5551 Mallory Lane,62,48,Backordered,False,True,True,390a837b7e8b40b86b3368b9f88900588224e56e73e1438f004a5211993a2c8d
91-553-1774,Feta Cheese,Dairy,74-943-4552,Demivee,80,43,80,7.0,2024-06-26,2024-09-05,2024-04-12,84 Washington Crossing,64,53,Active,False,True,True,66ad362bdd39aa00d277b7573dde7700c99e1a391c923b7c7b0115c47b979ef9
13-980-8804,Sweet Potato,Fruits & Vegetables,20-608-1290,Photospace,100,3,32,2.0,2024-08-19,2024-10-01,2025-02-10,41 Nelson Center,98,91,Backordered,False,True,True,74c47a20b948365420dc7650219e86a977a06c90dbc647ad7e4faae5376298b0
19-672-8982,Butter,Dairy,50-214-3802,Meembee,21,87,67,3.1,2025-01-03,2025-01-23,2024-03-31,285 East Plaza,64,69,Discontinued,False,True,True,89ea9f4c0948e3536b8049154f485454b5eab883fffcd9d66ee48ecd7df9a0ad
35-299-0889,Coconut Oil,Oils & Fats,16-776-9987,Gevee,33,78,79,5.0,2024-11-05,2024-07-11,2024-04-21,95 Packers Lane,60,25,Discontinued,False,True,True,cd38fa7ea9d2d9a2bafe9952f5e3eec88f1f0e410ac5a0c10fa8aa574b170ce2
17-022-9721,Apple,Fruits & Vegetables,59-629-0798,Chatterpoint,43,63,99,3.5,2024-11-08,2024-12-13,2025-01-12,39 Dahle Alley,39,77,Discontinued,False,True,True,5fe2611b2d26d39c531f540094e0518b00256d0d9e629af58caca6270eaf6dc4
22-849-2551,Mushrooms,Fruits & Vegetables,14-231-9135,Izio,34,1,79,6.2,2024-06-12,2024-12-20,2024-09-08,81533 John Wall Court,58,36,Discontinued,False,True,True,8c6912467bc251b65b29528a251bb589721a1112f62a2f7876e45657fc0ea8b4
53-050-8242,Mackerel,Seafood,31-163-5871,Yodoo,82,25,94,7.5,2024-03-30,2024-03-16,2025-02-15,9 Cordelia Trail,66,14,Backordered,False,True,True,7e373f5b5085d8e1ab2e5e38c68213718f87f58d2ae9fe3f492ca1b01f7aabd8
88-183-5781,Whole Wheat Bread,Bakery,49-247-1217,Lazz,17,63,3,3.5,2024-08-02,2024-08-24,2024-12-27,46 Delaware Place,93,26,Backordered,False,True,True,f44edcf67be5b339c3b6c2812fd2ecddf027045d2a0d359af0b111412772825b
09-101-1740,Sushi Rice,Grains & Pulses,63-836-1262,Talane,36,81,54,4.75,2024-07-07,2024-12-20,2024-08-31,96629 Nova Plaza,73,60,Discontinued,False,True,True,995fe9b5b5e1195a8d1b737b0740e991396835a5851faeaf594c7977f5d395f0
98-445-7372,Cod,Seafood,71-676-6562,Roombo,65,79,52,8.0,2024-05-12,2024-10-03,2024-05-30,8531 Manley Court,56,94,Discontinued,False,True,True,6ca471c8d33ef25af3298eb3f574dc67d3e4eebef886afb18716570c4b6a935b
29-875-6900,Papaya,Fruits & Vegetables,78-098-4468,Avaveo,45,28,6,4.5,2024-03-18,2025-01-23,2024-08-22,2 Sachtjen Park,35,16,Discontinued,False,True,True,406e204cd534998939294be0b87c60d0f5f5d46d0130995aec23aaca257760ab
27-757-4489,Egg (Goose),Dairy,04-456-0715,Abatz,35,78,68,2.5,2024-04-12,2025-01-19,2024-07-04,27535 Morrow Avenue,95,91,Discontinued,False,True,True,9e90c39b1e1f5adfdcfd4310f4e070b9c19e6a360f0e258e36dae699bedaba71
51-069-0489,Bread Flour,Grains & Pulses,19-978-0708,Oloo,96,83,50,1.5,2024-10-04,2024-03-30,2024-05-30,3 Anthes Place,81,89,Discontinued,False,True,True,c4cae60ae8d485251bd73036df12ba341e4205c5aa17896460ca0aab1e1b00a2
20-325-1965,Coconut,Fruits & Vegetables,97-155-1262,Katz,56,75,13,5.0,2024-09-04,2024-04-04,2024-05-21,78884 Union Street,42,53,Backordered,False,True,True,48752d9162ebd8e648fb9d3cf6126b3f4520bcafb2c1838c96e414e068d061a3
76-090-4411,Ricotta Cheese,Dairy,82-552-6786,Shufflester,49,94,18,6.0,2024-12-12,2024-08-10,2024-04-16,15 Loomis Avenue,38,11,Active,False,True,True,b28916fe60ac7c04b58f7da5563eaf8cba60e2f393775cefb62756ba7130cc12
01-703-8441,Raw Sugar,Grains & Pulses,91-216-7668,Cogilith,100,10,89,1.5,2024-04-23,2025-01-01,2024-06-21,4029 Lotheville Pass,76,38,Backordered,False,True,True,cf020e1fb1241cae46c97e761a7e48fcd9f516ae485e8b5b8d696ba5ed96382f
09-622-7119,Haddock,Seafood,59-781-3399,Youtags,30,81,99,9.0,2024-07-22,2025-01-30,2024-06-15,665 Sommers Circle,99,3,Backordered,False,True,True,3ee7f164795488d8d38477751588c4ff98ee1355fc6f841b95ea7661fb99a819
45-172-7012,Papaya,Fruits & Vegetables,95-721-9228,Brightbean,20,91,12,4.5,2024-11-26,2024-12-13,2024-12-01,11 Kedzie Avenue,35,50,Active,False,True,True,ab4a9fd043f1dc2372d66bd9fe2dc0b249ab6292298dabdb712ca86840daabda
06-849-4869,Sesame Oil,Oils & Fats,39-464-7300,Rhycero,85,15,16,6.5,2024-05-13,2025-02-19,2024-07-15,041 Paget Alley,46,24,Discontinued,False,True,True,dea13163ef12065789e4220b8fae97159707d06e14d85a609622e2505eee77b0
30-996-2526,Green Beans,Fruits & Vegetables,30-942-0054,Izio,86,90,39,2.1,2024-10-20,2024-02-28,2024-09-07,77 Monterey Avenue,98,85,Active,False,True,True,ef040a3fbd8cbc1cbfd9938684366fb0ba88c490255cadb24301d61990b1ff63
71-074-6292,Sourdough Bread,Bakery,42-201-4495,Plajo,65,79,49,4.0,2024-04-02,2024-06-10,2024-10-17,338 Annamark Court,100,9,Discontinued,False,True,True,d7c72a1401da712413f7b63e7c5c8e27c2adfd997db759e744e1f9347adb2df1
98-909-9395,Cottage Cheese,Dairy,74-119-5491,Feedfire,67,98,92,5.0,2024-04-22,2024-08-31,2024-12-07,43 Heath Street,35,98,Backordered,False,True,True,b932b657906cdc52a608b848cbedd86a88d5196cdcb948640af3ea6253d4303c
61-796-6540,Ricotta Cheese,Dairy,40-002-8400,Fliptune,88,4,79,6.0,2024-04-24,2024-06-02,2024-08-14,126 Spohn Plaza,23,39,Discontinued,False,True,True,3ee35aca0ae53ccb43738f9f5c224957abd56f9efd8e33ab5d8739ec1a7fb71c
41-735-9837,Robusta Coffee,Beverages,35-462-7569,Devpulse,14,77,78,10.0,2024-08-02,2024-08-28,2024-09-01,2374 Chive Court,32,24,Discontinued,False,True,True,534e7c655929cb5c8cbf2754c0d4453132ba1a04c6bc0413107787f34c8921d7
60-343-3288,Tilapia,Seafood,22-940-6543,Vipe,85,92,66,6.7,2024-03-28,2025-01-01,2024-05-03,6 Hanover Terrace,54,85,Backordered,False,True,True,ad28ca253733462006cb112ef662f1a35b135eb68e71d5f72f170370f404f93a
27-783-5470,Feta Cheese,Dairy,45-997-6429,Thoughtstorm,74,65,5,7.0,2025-01-30,2024-07-27,2024-03-16,6 Tony Junction,21,42,Discontinued,False,True,True,7ef34e2c3e5bfcf0a7f69b74369e01631ed35dc06abd00bd9dfdd29370a099c7
60-456-8169,Cheddar Cheese,Dairy,54-529-4459,Oyoba,21,28,72,9.0,2025-01-28,2024-02-28,2024-02-25,710 Service Park,69,51,Backordered,False,True,True,942d0bda3b11c5229e6a483753eebd9a9e517800107f412bf2aa3ec8f400fb92
99-420-3592,Butter Biscuit,Bakery,88-647-5082,Quatz,22,24,94,6.0,2024-07-19,2024-07-21,2024-11-13,206 Pine View Junction,47,71,Active,False,True,True,535cc4db96c0a4c4d28dcf9cc7630daa4105904f29f60ec513a270b908588f92
35-836-6718,Ricotta Cheese,Dairy,27-838-4345,Thoughtblab,91,14,99,6.0,2025-02-10,2025-01-25,2025-01-22,05 Canary Circle,50,5,Backordered,False,True,True,b2067acc2ab5c8dedf7755299c9412da08aae92b752fcb49749eba69a5c15e7e
51-273-4240,Multigrain Bread,Bakery,32-506-0556,Devpulse,85,57,25,3.5,2025-02-18,2024-09-26,2024-06-20,7 Prairieview Place,30,42,Discontinued,False,True,True,c57460dccfef7146065e3106294ef43c3457d61f18f49a46c1732e88929a4173
38-924-3007,Peas,Fruits & Vegetables,83-936-5065,Photolist,12,28,11,3.0,2024-05-18,2025-01-05,2024-04-17,6 Anthes Court,46,88,Backordered,False,True,True,07846760d483c726bbc04a57fe947992d7525a12592851a8cd08f9fba48da7e6
52-123-8039,Pomegranate,Fruits & Vegetables,24-087-5935,Browsebug,43,65,66,6.0,2024-12-21,2024-09-03,2025-01-16,7 Schiller Court,78,73,Backordered,False,True,True,253402fcf3b72b14ffb24e4043191953e3044d189bc4574fd69e0fb711b709e3
34-131-8805,Yogurt,Dairy,84-472-8001,Eimbee,92,92,28,1.75,2025-01-21,2024-09-10,2024-12-22,44249 Sutteridge Crossing,50,67,Discontinued,False,True,True,1cfe0d6a4c29d290342327eb234454552cae762696aa9de8629a96b30480c5eb
28-505-8317,Watermelon,Fruits & Vegetables,61-755-4469,Digitube,23,85,94,3.0,2024-10-12,2024-07-23,2025-01-28,848 Old Gate Parkway,92,72,Backordered,False,True,True,d3d249058a1ef2cd549c97faddeb5232da7f18b0d1d777c715c6c7cc00e20c0c
41-594-5069,Egg (Duck),Dairy,45-471-5053,Blogtags,77,1,41,1.0,2024-11-05,2025-02-05,2024-03-21,9 Clemons Hill,58,55,Discontinued,False,True,True,8c08bd5bf5a2be61c6ca9efac92ff0fb0e4acabad9903acc32feb85a30e4fcda
94-658-4945,Sweet Potato,Fruits & Vegetables,09-153-0763,Skibox,65,10,81,2.0,2024-08-27,2025-02-12,2024-05-08,15 Veith Circle,71,61,Backordered,False,True,True,a4d8abc37f30f3e5eeb470a822cd70197afbaafd4c11a95d3eed6b838205e8b0
69-561-2496,Banana,Fruits & Vegetables,38-790-7081,Skinix,82,29,62,15.31,2024-08-08,2024-03-18,2024-12-09,154 Delladonna Hill,77,27,Backordered,False,True,True,d59988a90c0d747451b877089a5d25d70a5930883a25235a8e812e95a2f913f3
98-858-6323,Swiss Cheese,Dairy,79-086-1717,Janyx,20,17,71,8.0,2024-10-22,2025-01-07,2024-11-16,80729 Homewood Plaza,50,65,Active,False,True,True,72f9e345c543af578f9ee314693138b973efc71f8c42db6929b8f9e077908d65
92-995-8689,Cheddar Cheese,Dairy,18-682-7828,Wordify,31,65,94,9.0,2024-12-03,2024-10-17,2024-03-06,1 Merchant Circle,63,7,Backordered,False,True,True,3d1a09b335fdec513c76df9e2c3051d8df36e530badd9f0f43f8bcf262e5e9c8
43-164-5984,Butter,Dairy,10-008-6747,Shuffletag,36,75,35,2.9,2024-04-13,2024-06-17,2024-11-23,70862 Lighthouse Bay Junction,26,41,Discontinued,False,True,True,833b8fbd3e46a3c8bbd38636b2c987de0555e62fecc0dcb827c3ff070ee9c402
58-122-2282,Black Tea,Beverages,55-773-9118,Ozu,59,20,17,5.0,2024-12-06,2024-06-30,2024-06-12,96 American Ash Center,45,15,Discontinued,False,True,True,94b4981b7ed948c69dc4a98f8ec7fd884eb3fc00f2eb1c17ac599c3de96f9546
84-269-9130,Long Grain Rice,Grains & Pulses,88-615-2915,Flashspan,11,10,80,1.5,2024-06-05,2024-09-27,2024-08-02,49263 Graceland Pass,48,65,Discontinued,False,True,True,a2da65e2abe75e9d31dda59265c9522ba088d6285e74c12f1a1e73b31e51ce63
11-922-3342,Black Coffee,Beverages,33-523-9077,Gabspot,24,77,32,15.5,2024-03-18,2024-06-10,2024-03-04,094 Carberry Lane,80,42,Discontinued,False,True,True,6ddad884c089fbcb73093626eeb2523a7926ffa705f06434b788f9c4e85424cf
60-550-4771,Haddock,Seafood,24-568-9517,Kwimbee,75,80,87,9.0,2024-07-06,2024-10-03,2024-08-24,1 Monica Lane,49,40,Backordered,False,True,True,8cf33e01a3afb3b4bc3c70fa93f49aeb5530f2844d165e5c48669a6f3eda0ffb
88-951-9038,Black Coffee,Beverages,14-713-5795,Youfeed,11,72,5,15.0,2024-07-08,2024-10-11,2025-02-11,5 Anderson Trail,89,4,Active,False,True,True,24df90a2d1182e804b3b2f771bd837655177072d8d9ba360668af5d7e0056de1
08-114-3922,Anchovies,Seafood,19-418-7213,Camido,60,64,36,10.0,2024-09-02,2024-02-25,2025-02-15,709 Vidon Avenue,34,48,Discontinued,False,True,True,43cf875e1cc982056fc61b75a57740a42e8053eb68814e75eef245eaeab757d7
70-145-2550,Lemon,Fruits & Vegetables,75-849-4524,Yata,91,6,37,2.4,2024-05-01,2024-08-07,2024-08-06,5141 Anniversary Crossing,38,70,Backordered,False,True,True,5859fcad688af416e9e1daa443b8284d63cd3219577fa399a5de6e198d947370
51-761-6320,Egg (Goose),Dairy,28-461-1136,Youopia,43,78,85,2.5,2024-03-09,2024-08-30,2024-06-22,587 Vermont Terrace,48,98,Backordered,False,True,True,84af61830e1f583e39a227afc917ab6a1f0c94d12d078003c5e3cccbdfe70640
55-803-3964,Bread Flour,Grains & Pulses,75-906-1086,Demizz,25,60,36,1.5,2025-02-16,2024-08-26,2024-10-30,149 Valley Edge Point,31,41,Backordered,False,True,True,e60927baab9cb6374a3df042317793fdbab463f5b958437dfc1b8abf3a6c2fc5
11-815-7923,Parmesan Cheese,Dairy,98-304-8407,Rhyloo,96,9,57,11.8,2025-01-26,2024-06-16,2024-08-06,89 Springs Alley,78,67,Active,False,True,True,65b13f5cafd41854ecd610b9c7d78415b1352eb5a4cdd9979f50126530281ce4
83-966-3280,Mackerel,Seafood,50-305-3936,Twitterworks,30,29,70,7.5,2024-06-22,2024-10-13,2024-09-20,0743 4th Place,80,43,Backordered,False,True,True,cf36807f3ba732e50ef8783c6d19a7872420feb4aaf0f1f5a747f083aacf9522
29-592-7315,Arborio Rice,Grains & Pulses,61-867-3019,Dabtype,56,4,74,4.5,2024-03-15,2024-07-04,2024-09-22,21625 Schlimgen Park,61,73,Active,False,True,True,e0ddc688dc5e629a04ebfded52cea5097f7ccfbb0f1073d3af30780e8a746a85
65-235-7676,Whole Wheat Bread,Bakery,22-083-3504,Quire,91,71,17,3.5,2025-01-10,2024-08-01,2024-06-03,31208 Westerfield Way,74,57,Active,False,True,True,803c59ef82eb02bab61869ff0969589f0c3c702a736a9df48748eb57fec21ae0
40-683-0283,White Sugar,Grains & Pulses,27-060-9944,Topicshots,27,64,78,2.0,2024-08-17,2024-05-04,2024-05-23,322 Birchwood Center,57,4,Active,False,True,True,9fd520973bfe36c35124de823bfba41ab5a4383d24d501a7ba2022ad5fada358
83-553-9523,Buttermilk,Dairy,89-976-4338,Zoombox,28,90,70,2.45,2024-11-05,2025-02-14,2025-01-28,84336 Haas Place,76,78,Active,False,True,True,1416eee03eed12d12249f273dcc69caa133ae3435b2606fa2819671c13d1049d
40-793-7235,Sour Cream,Dairy,89-048-3542,Chatterbridge,92,67,51,4.0,2024-04-05,2024-12-09,2024-05-19,68086 Crowley Circle,23,78,Discontinued,False,True,True,ab0ab1c7e13d74d79378bf3b2eca1c7587682170b76345923bbfb1a35ae89812
74-666-5671,Tuna,Seafood,58-657-7257,Youspan,37,33,80,18.0,2024-12-21,2024-05-10,2024-05-04,11263 Kipling Hill,27,73,Backordered,False,True,True,380b661aa55b0029274bfcfff782a0ef17fb485271e983f971777ef8727c697f
90-865-9150,Powdered Sugar,Grains & Pulses,58-053-4926,Kazu,28,24,97,2.5,2024-09-22,2024-05-12,2024-07-09,00029 Fisk Point,82,5,Discontinued,False,True,True,8164b428231edfc1675b4d3b97d7ec99252f2d493bea84fa9f1d32569a5f40b3
46-255-3073,Tilapia,Seafood,68-230-9130,Vinder,30,42,8,7.0,2024-05-02,2025-01-06,2024-07-11,57 Eastwood Junction,48,23,Active,False,True,True,fd8ecc2abaa081a61de89b79a8b1e2d99561c894ce3add8d90100d874a80c199
11-155-7826,Arabica Coffee,Beverages,91-788-3177,Feedfire,98,83,5,20.0,2024-07-06,2025-01-31,2024-12-26,321 Barby Parkway,39,79,Active,False,True,True,f1f1f1d28f48c3d25a65b73e5adf156db241ccd858541e1d4e188102c67a2036
99-543-5039,Lemon,Fruits & Vegetables,63-683-7396,Livetube,65,88,20,2.5,2025-01-28,2024-11-20,2024-07-29,71796 Waubesa Terrace,89,37,Backordered,False,True,True,39787eb4663fcb344c2f836e1d161ee7d685d5d83c5a1838f84febf76a5d7487
99-033-5661,Rice Flour,Grains & Pulses,32-458-6452,Zava,42,3,21,2.0,2024-09-19,2025-01-27,2024-09-25,289 Longview Point,35,22,Active,False,True,True,98fed8c9d1337c61296d49d919eb99f9dc5ed441518637c39708db58113abdca
28-608-0039,Lemon,Fruits & Vegetables,26-796-0872,Avavee,63,60,54,2.5,2024-12-26,2024-05-21,2024-04-15,31057 Roth Place,33,31,Backordered,False,True,True,870a2551b4786fda448e9ddc752db074c3aa7ee97ed04e73f70e4bb530d1c0e5
35-529-2933,Broccoli,Fruits & Vegetables,57-591-6452,Jabbersphere,85,54,18,4.0,2024-07-28,2024-10-23,2024-07-13,2 School Drive,85,44,Discontinued,False,True,True,7fd5effad462bdeff8ecf5c035ff9629520b33971b81f55bac44aeecafaeeeb2
83-321-7887,Egg (Duck),Dairy,70-444-9176,Yombu,44,75,72,1.0,2024-12-14,2024-11-29,2024-08-02,35598 Fuller Terrace,96,38,Discontinued,False,True,True,1f5fe5397e26daffcfa853fa28ed81c687b7613371bcb3ec405a7eb9f297371f
43-910-2342,Plum,Fruits & Vegetables,06-569-4690,Feedspan,26,69,90,4.0,2024-12-12,2024-06-08,2024-07-19,46758 Hallows Center,47,35,Active,False,True,True,da85e8d7ac3e60a7811da102e366fe47f0ccd8ae5fa0c6e24d26d7a42e570786
21-633-8696,Coconut Sugar,Grains & Pulses,89-468-2696,Topiclounge,49,59,73,5.0,2024-04-18,2024-04-06,2024-05-26,08492 Gateway Terrace,93,45,Discontinued,False,True,True,24c0ae8c854e8a6c4be0f2a788254e6f67ff13e2a4d8cd2ef990093cc58dfc0b
76-401-7083,Pomegranate,Fruits & Vegetables,29-156-0691,Meeveo,59,79,87,6.0,2024-09-03,2024-10-03,2024-07-31,31892 Pennsylvania Street,47,18,Active,False,True,True,2420b4e0e8f808f6384b5e5e667bea29f99e0a4b855bd44e3e463f5c030187dd
92-551-8504,Raw Sugar,Grains & Pulses,22-836-5101,Livepath,19,81,33,1.5,2024-06-29,2025-02-22,2024-12-24,461 Bluejay Circle,39,85,Backordered,False,True,True,50099bc771747420e5cb12ad5e63a6646ad10519d2a9d15fa924acadb96e13df
76-264-0748,Eggplant,Fruits & Vegetables,27-557-2375,Roombo,47,41,63,3.0,2024-04-15,2024-06-01,2025-01-09,55 Morning Terrace,39,54,Active,False,True,True,49f30bce1a4bdbeaea2245a04c3723394a650787659dde9e6f22bb0757f79f10
88-586-8797,Grapes,Fruits & Vegetables,02-530-5932,Edgewire,98,62,97,5.5,2024-03-30,2024-08-25,2025-02-09,9469 Bayside Plaza,59,19,Active,False,True,True,219079f8f99927f0be704f0a1d974bad3ded1848feffdc7548f60d969ce59131
21-993-5632,Watermelon,Fruits & Vegetables,26-860-4618,Innotype,51,72,85,3.0,2024-03-23,2024-04-14,2024-10-23,16730 Luster Alley,23,17,Active,False,True,True,74ec227e061917ba27b95f4b9fe6518982f0856874fdd1c817f3ea901cd56cf6
27-681-5588,Anchovies,Seafood,89-959-2254,Flipopia,100,99,8,10.0,2025-02-19,2024-10-26,2024-12-07,498 Delladonna Drive,54,92,Discontinued,False,True,True,cb112d73ccf259d8b24b4fb18664f0c25a9cf8a4c7a86e0efaace8701e082a1c
23-265-8144,Yogurt,Dairy,31-524-1628,Jaxnation,55,50,56,1.7,2024-06-01,2024-11-09,2024-10-25,14042 Dottie Avenue,62,26,Backordered,False,True,True,a410924a7d9a02eae1b2bd3f74bd9e4a1790735bab06f87d4898fa4c94f04284
26-134-9069,Whipped Cream,Dairy,80-068-0825,Devcast,14,87,8,4.0,2024-03-10,2024-11-11,2025-01-30,4929 Westend Point,90,14,Active,False,True,True,8caf633bc82a9138cf97c8048e9bd721b62158aee0dea0bef5dbe893396a5ae1
76-623-7844,Egg (Quail),Dairy,84-498-3849,Vinte,29,33,88,0.8,2024-07-19,2024-08-23,2024-05-15,868 Swallow Point,50,35,Discontinued,False,True,True,9d5d10929d222b97eef02a814621351a43e5902f857e7146aaf22cc7aad2bbd1
88-977-0175,Chocolate Biscuit,Bakery,58-087-3463,Yodo,100,1,26,5.0,2024-08-02,2024-03-21,2024-07-19,7561 5th Terrace,47,79,Active,False,True,True,15fc270995b16362a107f5979f040a9e14bf0fd2f6bc02a261e101262266e980
12-714-5135,Ricotta Cheese,Dairy,97-055-2756,Janyx,49,28,74,6.0,2025-01-09,2025-01-14,2024-04-25,2003 Delladonna Pass,70,38,Discontinued,False,True,True,78a979218abcb44843d4b47d295c277cac5fa7b4c84e740c968a71df4dec92c5
43-153-8268,Vegetable Oil,Oils & Fats,19-809-5654,Abata,75,61,19,2.0,2025-02-23,2025-01-29,2024-10-02,29815 Bonner Trail,79,69,Backordered,False,True,True,30d32305467746efad040c234a62f9c5e65cf5af61b4cfdefe85f25d3dd043a8
95-130-9020,Heavy Cream,Dairy,75-985-6744,Youbridge,82,12,94,4.1,2024-02-28,2024-06-20,2025-01-21,2 Canary Street,69,93,Active,False,True,True,3e68c73d7533d85cf5050ca7391152bdfe3cfbc151f5f9f3854913c7feaa53af
82-678-8097,Cottage Cheese,Dairy,65-403-0311,Feedmix,68,82,58,4.8,2024-04-08,2024-08-24,2024-04-05,6172 Hovde Circle,90,2,Backordered,False,True,True,4169d0a05e1b0393619c73bf6ea47185cdd74728094ae1e2ce1e1165c9b797af
21-693-8216,Corn Oil,Oils & Fats,62-599-8388,Twinte,70,96,85,2.5,2024-02-26,2024-09-03,2024-10-27,32468 Utah Pass,34,3,Active,False,True,True,7ae8bcaeac85c837c0bdf92ea40d6c4b2ba4044bef9fe59838a643000705f06b
56-831-6199,Salmon,Seafood,99-680-2351,Innojam,49,48,62,15.0,2024-09-16,2024-02-25,2024-08-14,1247 Hoard Hill,96,37,Active,False,True,True,9e2b406b777e5d394dc1162da963ca2404211ef61ed4c58215ae80e649673411
81-268-5905,Mackerel,Seafood,36-138-9045,Kazio,89,26,36,7.5,2024-10-24,2024-07-30,2024-06-14,85953 Clyde Gallagher Drive,48,94,Active,False,True,True,216b2042e1b8039b066d421dc28bfc3dac45027b12b105efe23256411e8f17d5
41-237-5498,Cheese,Dairy,38-643-1626,Omba,88,53,44,9.0,2025-01-04,2024-12-24,2025-02-06,29817 Coleman Drive,56,14,Discontinued,False,True,True,a135cb751e963f85324076365769399b0ba076b892a428f56d226c2461136862
32-987-5559,Green Tea,Beverages,01-665-0053,Zoovu,39,88,100,8.0,2024-11-25,2025-01-30,2024-05-15,7 Hallows Alley,28,18,Backordered,False,True,True,4852252c2632ddb8810f6cc55e11c1028c981bcf2b9ca3a98e9dde29e829a63f
71-436-5841,Cauliflower,Fruits & Vegetables,87-546-9674,Dynabox,87,91,94,2.5,2024-07-04,2024-09-25,2024-06-25,52 Victoria Plaza,47,4,Discontinued,False,True,True,9040c19ca700a14e66f3817f65bb0c9aa6387c790df344ad4586c2c6816ddd15
63-890-1246,Oatmeal Biscuit,Bakery,29-273-1595,Vidoo,93,50,43,5.0,2024-06-27,2024-05-16,2024-10-09,3 Melrose Trail,76,35,Discontinued,False,True,True,68474137e51a6e46c4b942aa78af5e823ac64b06fd19823f065e0fcf13a184db
65-368-2479,Egg (Turkey),Dairy,99-570-8162,Browsedrive,23,21,59,2.4,2024-08-15,2024-03-10,2024-10-07,231 Merry Pass,81,8,Active,False,True,True,fd687bdab399e2b17ea1f276014fc164b45336c491e7667ae177748f192fc02e
74-562-7431,Vanilla Biscuit,Bakery,66-174-9633,Linkbridge,94,34,21,5.5,2024-03-18,2024-03-20,2024-11-01,79 Ronald Regan Avenue,74,70,Backordered,False,True,True,6fb6ba7d987e860c45c8cd88b1ce59805bccd18cde4121a45ff72e6f04795eb4
51-583-6029,Digestive Biscuit,Bakery,78-024-3286,Kanoodle,38,43,91,4.0,2024-04-20,2024-08-18,2025-02-18,83894 Delaware Plaza,72,64,Active,False,True,True,dff1d47efe5afcdd2b09c19454d1e5028499982cb092d633e1cd151056748c2a
06-996-3221,Evaporated Milk,Dairy,97-821-7402,Buzzshare,11,9,65,2.0,2024-10-13,2024-12-04,2024-06-10,579 Schlimgen Alley,48,96,Discontinued,False,True,True,b23f6b22c4912ca6d9c4324973e751cc076a20fb19c8ffa7fba21f7d66a07e0d
96-334-2593,White Tea,Beverages,64-831-3071,Rhycero,60,27,58,25.3,2024-12-26,2024-06-27,2024-11-19,9559 Muir Trail,43,91,Active,False,True,True,976c7997c0af1c5b2d387648508e6e2aa32c62db381feb7f1b42a8f8c7812c99
58-219-0241,Avocado Oil,Oils & Fats,42-523-1857,Twitterwire,50,36,81,10.0,2024-09-26,2024-05-12,2024-06-04,938 Garrison Court,27,6,Discontinued,False,True,True,0085853fb7061ddb7d7d296487eb3d762d812cc2c5527ae74c0135d08d3ee5d3
87-272-6544,Egg (Goose),Dairy,93-699-8001,Skalith,90,3,49,2.5,2024-05-06,2024-05-03,2025-02-13,4 Nelson Alley,51,87,Discontinued,False,True,True,5c794f9fd593555c03efe63aa1a451df7ba58797b80377469b332ea3494015ae
95-357-2870,Arborio Rice,Grains & Pulses,75-365-7696,Talane,86,80,80,4.5,2024-03-18,2024-05-13,2024-05-20,87 Corben Street,22,67,Discontinued,False,True,True,1c483552a0e68381a7ecde6ec873e917f8d3e86e56285190dd6fc0e2a6f9c89f
88-401-3700,Cauliflower,Fruits & Vegetables,39-299-6093,Jabberstorm,86,66,24,2.5,2024-07-29,2025-02-04,2025-01-20,39014 Randy Court,30,6,Discontinued,False,True,True,9ee58d4141d797ff6f56473b22f386cacebf0abb36d44724929f7ac87e8ea208
72-404-5581,Almond Flour,Grains & Pulses,18-065-8014,Pixonyx,54,17,90,9.5,2025-01-23,2024-08-07,2025-02-08,879 Amoth Terrace,60,20,Active,False,True,True,cae2df32d25fadfc35fcdbc154154dea0378c90c6f1e0d0d1d9f87669655ac71
11-766-8738,Watermelon,Fruits & Vegetables,96-393-1428,Jabbersphere,27,64,43,3.0,2024-11-14,2024-11-30,2024-03-22,20 Nelson Way,70,58,Discontinued,False,True,True,ee6747190633fd3884cee9b17bd74a0a23f3a49c85cc4d098155042c82a74e01
15-796-3130,Rye Bread,Bakery,45-912-2948,Kwilith,50,58,78,3.0,2024-10-14,2024-04-17,2024-05-29,85 Lunder Court,83,49,Active,False,True,True,7d9aa2b16175387a463ce84a429ad22f4b1c4a82021ce2115d46fa029f04eed4
73-751-4393,Onion,Fruits & Vegetables,14-486-5626,Skyndu,68,10,29,2.0,2024-10-31,2024-06-07,2024-03-23,03 Roth Court,37,11,Discontinued,False,True,True,8802d11d47c940d25d0a3b13de0715b7a36b5ef251d7b387624aee9912876e4a
62-100-2245,Sourdough Bread,Bakery,18-110-8314,Meevee,22,60,73,4.2,2024-07-09,2024-11-08,2024-07-12,56830 Fremont Road,62,3,Backordered,False,True,True,5d6e457446b08bfb7854452f2cfdba8de430ba19a57367f5c619770cafc0d576
08-961-3009,Cheese,Dairy,41-825-5869,Eimbee,50,14,6,9.2,2024-06-02,2024-12-19,2024-09-08,01 Gateway Plaza,60,72,Backordered,False,True,True,413238c01abee86ef6d0dc6936f563bae32a7bf94d38981f07f2372e8cb17fe7
33-440-2588,Bell Pepper,Fruits & Vegetables,68-596-5506,Tagpad,26,12,43,4.4,2025-01-17,2024-09-16,2025-02-24,4 6th Plaza,73,20,Backordered,False,True,True,f67b24856afc1658f08ba0113641b9634b4f5aa5e270e414ad7cab5149625063
24-009-1208,White Tea,Beverages,96-405-4286,Aivee,62,31,24,25.0,2024-04-30,2024-06-10,2025-02-06,99 Duke Lane,89,100,Backordered,False,True,True,31fa196c00c7a2deb6d0a0dcba1e9fa003b81ecd09479b58daab0af26e788f7a
71-300-2191,Broccoli,Fruits & Vegetables,98-677-4279,Yamia,79,72,6,4.0,2024-07-11,2024-05-06,2024-05-01,7 Heffernan Drive,67,63,Active,False,True,True,f0066a4bfe722fc5ab6213317886715216b08e9ef52d8181ee3ea631355d866c
74-430-8245,Peach,Fruits & Vegetables,51-213-5660,Ainyx,73,90,77,4.0,2024-02-26,2024-08-15,2024-03-06,7 Roxbury Circle,75,19,Backordered,False,True,True,e6deefb0dd3b24062ed88cb80ca8a7a159a2f82a04a7ec52d3f8dfc19a978f03
68-636-4774,Carrot,Fruits & Vegetables,40-436-0171,Gevee,18,50,77,1.45,2024-11-03,2024-08-30,2025-02-19,7744 Oxford Pass,44,19,Active,False,True,True,07e6ef74f4d3b54f5fae87957a8e1b397fd9613260c202496e33d5cf769c3462
38-655-2312,Kale,Fruits & Vegetables,91-127-7174,Dabshots,79,74,87,4.0,2024-08-07,2024-04-09,2024-10-18,17 Reinke Circle,80,26,Backordered,False,True,True,791dd7f8e3eb339490e70fc6cd1c061720fc352e51c475f2a1bf3d1e00b7fdaa
16-632-1308,Arabica Coffee,Beverages,45-903-0036,Voonyx,23,13,15,20.0,2024-03-27,2024-05-21,2024-11-21,60094 Goodland Junction,31,28,Backordered,False,True,True,bc223e4edb5fe279f032b992b0673b725974f21ce0b872f2ca934814a59b07bb
37-606-0510,Milk,Dairy,09-489-6314,Jabbercube,18,64,86,1.0,2024-09-13,2024-06-09,2024-11-09,53 Homewood Alley,73,38,Active,False,True,True,1f7f4b41dda485227cda243177f055259dc1ca92ef27558525f8d88a75a39332
36-296-9609,Sunflower Oil,Oils & Fats,46-041-1131,Photofeed,24,35,14,2.5,2024-05-04,2024-06-24,2024-12-01,7 Rutledge Pass,91,71,Backordered,False,True,True,bd5a9a348f3a7bc45815219928133dbfc561cd1eaab7e696ea4d15883f4d599c
22-329-7791,Watermelon,Fruits & Vegetables,72-013-2438,Eidel,53,41,30,3.0,2024-03-16,2025-01-13,2024-09-19,50687 Porter Park,24,77,Discontinued,False,True,True,b353244eff97e03724a85403640350b4c7693c5f32e88d99968fe30f3763d448
56-894-3733,Yogurt,Dairy,57-133-8386,Skinte,85,83,13,1.75,2024-04-05,2024-03-17,2025-02-02,897 Independence Circle,49,75,Backordered,False,True,True,e8af89ad51c7ae3d189728c1d90b32ec4e53cb2857b88b79387790f4cd97d2b7
06-858-5680,Sesame Oil,Oils & Fats,63-231-2829,Miboo,15,34,57,6.5,2024-08-22,2025-01-12,2025-01-16,49476 Tony Hill,49,96,Discontinued,False,True,True,08613fffb25233be33a5a2d74cfc01d8d3b0590428139af88aec4946e144f21b
71-954-4501,Anchovies,Seafood,26-135-6134,Quatz,66,49,41,10.0,2024-06-27,2024-10-08,2024-07-26,290 Rusk Avenue,27,37,Discontinued,False,True,True,8fe82e4ea28367ca115216d79a0e25d3eba64624d4287fdfb5f6f33b9987575b
12-046-2988,Corn Oil,Oils & Fats,37-630-2250,Youbridge,17,63,66,2.5,2025-01-25,2025-01-24,2024-11-21,931 Browning Center,23,46,Backordered,False,True,True,94fb6f949910eb1a0573a6372277a4ad446accea226a65640c729b9700f2a9f7
95-356-1566,Grapes,Fruits & Vegetables,57-204-2098,Rhynyx,13,61,77,5.5,2024-07-22,2025-02-21,2025-01-29,622 Buena Vista Trail,42,18,Backordered,False,True,True,8611df58784b542f9e6ef58376d8039e86b126c2ae29b6a67218d5827989c6c1
34-291-4939,Digestive Biscuit,Bakery,39-284-1614,Eimbee,34,49,27,4.0,2024-03-09,2024-11-24,2025-02-13,983 Sommers Circle,78,20,Discontinued,False,True,True,cb93f18937cd674f9d6d546bab102f21c749420172915d5e53728a5e6ef6bd77
35-621-2546,Swiss Cheese,Dairy,14-190-2260,Skiptube,85,89,41,8.0,2024-04-22,2024-04-07,2025-02-15,3 Fairfield Center,68,93,Discontinued,False,True,True,b551775320a4f2473c2134f9872e9b8c0b549ece62f7cfdb8215a1cd5a343dbb
21-013-3508,Cabbage,Fruits & Vegetables,64-489-8494,Meevee,12,95,49,1.0,2024-06-09,2024-06-13,2024-11-10,84305 Fair Oaks Plaza,25,23,Backordered,False,True,True,df545609a5f094f2447c054c0d1d1a8e406905896e0478f4cf5344cb4ab88eed
38-049-9319,Oatmeal Biscuit,Bakery,90-447-5123,Trunyx,82,6,53,5.0,2024-11-07,2024-04-29,2024-05-09,6 Lillian Junction,21,58,Active,False,True,True,b1a369d9591db4504b8cce3a21c164cba659e69fcba755fdb32ce5b0bdbf0857
94-697-2396,Sourdough Bread,Bakery,34-161-7429,Zoomlounge,71,97,44,4.0,2024-11-27,2024-02-26,2024-07-07,44 Thompson Terrace,58,14,Discontinued,False,True,True,bc705171e75fe5e34a47efd6a819763cc1a16cc4d7abbf494a876a4cfe922f6c
33-807-7247,Mozzarella Cheese,Dairy,94-453-3755,Blogspan,58,17,26,7.0,2024-06-23,2024-07-07,2025-01-03,63464 Jana Court,62,89,Backordered,False,True,True,f4eddf7d7bd126cdae90f3f5c0cc2f3327b3ae7e8f9cbaaf1b04783f87c2a910
62-816-8794,Rice Flour,Grains & Pulses,56-110-5754,Photobug,15,76,81,2.0,2024-11-16,2024-06-17,2025-02-06,04 Blaine Lane,90,26,Backordered,False,True,True,c74bf870e1ed6a42ece760af1be01f1b3ec22ed766e47f33381aa51b5020e224
33-507-9886,Pineapple,Fruits & Vegetables,11-445-3951,Quinu,68,25,16,3.5,2024-04-04,2024-08-19,2024-06-27,0584 Lindbergh Alley,25,83,Active,False,True,True,13c221b2a6b0c6f21578c00c5492fc6d1abcb397734980b53eae0544c6557d9f
40-003-7322,White Sugar,Grains & Pulses,41-644-3129,Wordtune,13,32,79,2.0,2024-05-07,2025-02-16,2024-10-11,2693 6th Court,38,61,Discontinued,False,True,True,346ec947d6e3fcb406e8ed7107d65b1614c5ebe496761b3e8a4939a690f81260
95-090-2788,Sesame Oil,Oils & Fats,95-715-6047,Dabtype,45,7,58,6.5,2024-09-02,2024-04-05,2024-08-26,0313 Rockefeller Street,86,77,Discontinued,False,True,True,3fd230070a10b0cceb3e779bc1ab9e2c8b91aeb769ccfa2080719b4a536a43c1
06-503-5891,Egg (Goose),Dairy,19-098-2529,Babblestorm,40,22,74,2.45,2024-03-22,2024-09-23,2024-03-16,49646 Derek Lane,76,70,Backordered,False,True,True,c55b52fe9b2f7c7414cfe91446e4cbc1d0b0d8008e0d7dc184c34b6d582e0bab
38-555-9147,Black Coffee,Beverages,35-370-7603,Aimbu,62,23,25,15.5,2024-07-23,2024-04-29,2024-03-08,0 Oneill Hill,34,68,Discontinued,False,True,True,1d98caf0dbb320a78527fb20f944addebc69950e30af5df400a4c0dcaeede0ae
64-854-8664,Peanut Oil,Oils & Fats,19-893-7698,Pixoboo,79,3,36,4.0,2024-08-16,2025-01-25,2024-08-30,76 Independence Drive,46,29,Discontinued,False,True,True,5f0247c4bd4610b670e4b3ad895fc02bd95211d2044df38bab387c78e7ca3437
50-942-2409,Peas,Fruits & Vegetables,69-472-4067,Meedoo,75,91,68,3.0,2024-10-31,2024-04-23,2024-12-10,7182 Summit Court,96,73,Backordered,False,True,True,fa65b27f1ff320d771c687d0898a7156fabe5c8b553dbc67af9bea02d6761572
17-493-4579,Almond Flour,Grains & Pulses,67-541-7091,Trudoo,76,8,2,9.5,2024-10-04,2024-11-08,2024-05-28,4627 Amoth Circle,24,53,Active,False,True,True,7e40f831eb5df8e97e272332d9e835782049cca760f8c6836510c5ee6a9c5e98
10-854-5467,Canola Oil,Oils & Fats,40-443-3362,Realcube,96,51,40,2.3,2024-03-16,2024-05-04,2024-11-26,3 Oakridge Parkway,61,4,Discontinued,False,True,True,c27eb7421d7f5d8eda5464b87cb647dc9addc6b72554907af0931986c93018af
11-604-6002,Canola Oil,Oils & Fats,50-862-4552,Kimia,69,17,27,2.3,2025-01-14,2024-06-18,2024-05-29,17640 Cottonwood Place,79,75,Backordered,False,True,True,29754571a9009a292fa23e0be9bfd46186f597e09fcc2fbd93fd9de42b6b2c5c
44-305-1866,Butter,Dairy,25-190-3172,Jayo,48,71,86,3.0,2024-04-29,2024-07-02,2024-08-29,51205 Rieder Junction,95,3,Discontinued,False,True,True,171bc2f4985ef5285cc90b4e82d6e2dc8cceba605240574ecb66562457752e6d
49-730-0159,Cream,Dairy,62-766-8232,Riffpedia,82,3,82,2.4,2024-10-03,2024-12-10,2024-08-26,09189 2nd Drive,48,31,Active,False,True,True,0809248577028cb09e543341e499e4ef1a431d8de50d60f8c627452330d3a8f2
70-534-7796,Zucchini,Fruits & Vegetables,62-044-8874,Babblestorm,43,21,31,2.5,2025-02-19,2024-06-25,2025-01-17,76106 Anthes Junction,22,25,Backordered,False,True,True,4c7a5023c293e8cf876d77fc8f9e935e1d4ab49f49338e95aba61404b0494c66
95-738-4658,Green Coffee,Beverages,67-404-3362,Skyndu,90,68,74,12.0,2024-04-02,2024-11-26,2024-10-30,35 Golf Course Alley,81,26,Backordered,False,True,True,95eea27190babac553a508aa89042156767d3806cb2fb9af7739f3b9ef8aac8d
20-405-4865,Milk,Dairy,16-019-7101,Centimia,13,39,98,0.9,2024-06-02,2024-11-05,2024-09-18,36483 Burning Wood Pass,46,46,Backordered,False,True,True,3f3319e34cfa996ae29a16c0d32a14d361c3b8c9a2108419eaa255562dd2e394
79-428-8753,Cabbage,Fruits & Vegetables,29-521-7910,Skivee,62,79,95,1.0,2024-05-16,2024-07-06,2024-12-30,9 Holmberg Circle,34,12,Active,False,True,True,c1ba8fb8e6129ae6471d7de14cba5cea2c77c00ddb9c5d81463e224feb48a42c
10-626-8536,Coconut Sugar,Grains & Pulses,23-274-3305,Lazz,17,85,74,5.0,2024-05-01,2025-01-29,2024-03-30,38583 2nd Pass,76,89,Active,False,True,True,2800d4b2980bc2c97e38a85481c1345adaddef7d47c3eba57e4d765b8e9ee672
27-216-9671,Sesame Oil,Oils & Fats,40-773-7065,Skilith,100,86,94,6.5,2024-08-11,2024-04-12,2024-06-04,4 Browning Terrace,77,57,Active,False,True,True,e15800547c1018313e136f00ea6dc4386e80eaaff7a99a5fb992354bc7a2757e
14-489-8669,All-Purpose Flour,Grains & Pulses,28-436-5158,Wikibox,54,69,68,1.75,2024-07-24,2024-11-05,2024-05-13,21629 Burrows Pass,77,56,Discontinued,False,True,True,2720d9188a759e4b3cc4abc67cf05384b3c3f79ca320df7ff58f9d6ff53bf9ce
46-632-8420,Whipped Cream,Dairy,27-996-8883,Skippad,98,24,4,4.1,2024-03-08,2024-12-21,2024-05-23,9 Meadow Ridge Center,89,80,Active,False,True,True,f4200fe9bf74ad1d6bd4d51d4d3c701bc0ba2063c1a7479eeb4be7f6b534cc8d
39-192-3521,Herbal Tea,Beverages,74-062-7176,Dynazzy,20,9,12,30.5,2024-06-26,2025-02-22,2024-03-16,428 Oriole Avenue,46,32,Discontinued,False,True,True,b3bcc063b52a257e01a94acaa6995373a2535a5299ff7146b72aca0c8bb9f057
94-528-8088,Haddock,Seafood,68-885-5553,Zoovu,43,7,63,9.0,2024-09-26,2024-07-24,2024-03-08,21379 Stoughton Junction,66,71,Active,False,True,True,18e887c9349b7ccff1059a7f868a27aec0f1c5e6ee0c3572c064498e9cf724c1
74-305-1263,Green Coffee,Beverages,83-076-5024,Photobean,29,91,48,12.0,2024-10-05,2024-07-10,2024-08-16,744 Lakewood Gardens Crossing,28,40,Active,False,True,True,c7f4e38f8f5d8cce99c2b244dac7926af495400b77767d611d63cd1e7333e50e
53-151-5726,Grapes,Fruits & Vegetables,93-180-4005,Flipopia,37,45,62,5.5,2024-12-08,2025-01-12,2024-04-20,84239 Meadow Vale Trail,34,23,Backordered,False,True,True,f40699fec35b62cbd69f105687d412c0f9ff66bd957e6eb30244ea98b4029350
02-085-7218,Cheddar Cheese,Dairy,41-978-3326,Oyonder,85,28,32,8.9,2025-01-17,2024-06-25,2025-01-28,2835 Schlimgen Parkway,57,41,Backordered,False,True,True,5b91141df09d4c06a6d7921ca7d876c62ff28e58e755ca00f800b253cbde59a5
77-777-4536,Basmati Rice,Grains & Pulses,64-396-5538,Skidoo,26,67,46,4.4,2024-12-08,2024-09-12,2024-04-04,4784 Farmco Alley,54,46,Backordered,False,True,True,ec99ef351fb87d19a891f2f63b8371659ae28fada602c81f1658d78b053cca1c
86-482-6451,White Tea,Beverages,56-965-0404,Brightbean,91,78,61,25.0,2024-05-05,2024-10-27,2024-08-10,5501 Fuller Way,63,15,Backordered,False,True,True,b610b8a709a96dd5102162754ead7c65ba989911b1322bd02d289473b96f59c1
36-127-4273,Ricotta Cheese,Dairy,05-719-6858,Skimia,50,46,38,6.2,2024-10-01,2024-07-03,2024-07-31,10342 Division Place,88,70,Active,False,True,True,7afbca0afb06876d18f4010753d3d29cf3054dc052026205161229117d7f2c5d
03-061-1344,Trout,Seafood,85-211-5357,Izio,98,65,76,12.0,2024-09-27,2024-07-19,2024-06-27,96420 Briar Crest Lane,62,47,Active,False,True,True,735dcd22a94bdea7fd0fdf259526e4db7b1b8d88ed318c709c1bba80b7d1d31b
97-300-7511,Egg (Duck),Dairy,47-687-2255,Katz,37,53,61,1.0,2024-04-03,2024-07-17,2024-03-21,45190 Fordem Court,90,89,Backordered,False,True,True,e621cc8f7a88822b23e456c18fe113fc273aa48225564d4b9e5ecd611a86330f
83-108-1174,White Bread,Bakery,56-439-3559,Devpoint,78,68,68,2.5,2024-09-12,2024-03-05,2024-12-25,3 Monument Street,89,24,Backordered,False,True,True,0d2dc1cc44abcf796ab58a9eacd9998765a1a65b3233bc81c00e4c14ff8aeea3
38-664-2155,Cauliflower,Fruits & Vegetables,10-540-5841,Realpoint,48,27,73,2.55,2025-01-13,2024-04-12,2024-05-30,843 Pepper Wood Hill,52,97,Discontinued,False,True,True,697ef1b420c9fd1f06fb76bdd3c92a09db32f36a272c95106bd959915123e079
80-459-5950,Arabica Coffee,Beverages,04-866-2231,Rhyzio,74,10,74,20.0,2024-07-27,2024-10-02,2024-03-20,5 Killdeer Trail,100,66,Backordered,False,True,True,3b5f72b5810cdfb2bd87dde57c63664a08059443d58405d8ee818e685c80f069
93-015-0811,Pineapple,Fruits & Vegetables,07-055-5188,Gigashots,18,7,58,3.5,2024-11-26,2024-08-05,2024-06-26,1 Pleasure Hill,88,96,Discontinued,False,True,True,b3c0d3c8a632bfb3c03f5110ab95362bb909ca48aab20c55d55b6634beab196e
02-888-9412,Cauliflower,Fruits & Vegetables,22-307-4653,Photobug,95,66,69,2.48,2024-06-08,2024-03-28,2025-02-04,880 Calypso Road,92,72,Backordered,False,True,True,4b78bc14fc599b48093b7e59fdab472df61bb26d0e605d6cb28d5e797f13c0a7
10-218-2680,Egg (Turkey),Dairy,72-024-1595,Quinu,39,93,57,2.5,2024-06-04,2024-05-28,2025-01-03,6810 Aberg Junction,26,44,Backordered,False,True,True,0cf424fc8fc8fffff1966e9dc61d0393d9c876d5708aac67264a85f6b47eccf5
30-964-2694,Peas,Fruits & Vegetables,42-976-2737,Edgeclub,48,72,55,3.0,2024-09-18,2024-05-12,2024-06-30,39 Dovetail Terrace,51,41,Active,False,True,True,b17ab32d35638029edae29a2399f240508cdf21144040cc36bacf4952691d77b
15-144-9413,Strawberries,Fruits & Vegetables,08-912-0895,Meevee,58,15,87,5.9,2024-07-10,2024-06-30,2024-07-29,3 Buhler Place,52,81,Backordered,False,True,True,7bffdfead953c4d0caa19fb39519739a46999fd11c0acc45f001644e420c6001
17-253-5688,Greek Yogurt,Dairy,42-638-2086,Shufflester,39,55,39,3.0,2024-08-15,2024-07-07,2024-06-20,7 Hooker Way,47,59,Backordered,False,True,True,012772bc19c4a7c76888cd5558dde93f782b183dc04ccb7b03d46c9a7b4c4aec
31-608-1445,Papaya,Fruits & Vegetables,75-286-4153,Ntag,84,28,29,4.4,2025-02-09,2025-02-15,2024-12-14,227 Tennyson Plaza,54,32,Discontinued,False,True,True,cd0c511bf212b0bbb5ff2ec7e2b9c1182d8b07f0e897065fca7ed69e68f632e0
51-934-9117,Sardines,Seafood,34-389-9922,Linklinks,30,55,4,6.0,2024-08-25,2024-07-28,2025-01-31,05944 Scott Parkway,56,31,Active,False,True,True,e75ad07a1bd8fb1df15d89e607a8cc9e10fc1d96e292ea24ae783e9a0eec85c2
72-810-9753,Sesame Oil,Oils & Fats,17-359-2527,Yotz,14,84,15,6.5,2025-01-28,2025-02-07,2024-12-12,545 Farwell Lane,51,73,Active,False,True,True,64bb7b97e81f72b85dc280c0bcdc660661dc5ffc87ca56e1672ba43c64cd9cf5
53-146-9979,Powdered Sugar,Grains & Pulses,44-388-2451,Skidoo,21,15,27,2.5,2025-02-05,2024-10-11,2024-08-08,42 Mandrake Alley,37,41,Active,False,True,True,66620e3e1e0bb5fe54b2e5323d1eb641f307702dcff013830661a0d4d501dae4
46-622-3434,Jasmine Rice,Grains & Pulses,85-473-1534,Topdrive,17,19,74,4.75,2024-10-04,2024-12-08,2024-07-23,2 Miller Lane,58,27,Discontinued,False,True,True,c9f5dac105d04d8da410c6a1985f9144bc8f3b8fad78375dff0596b7d4a8c8f9
47-843-8207,Cauliflower,Fruits & Vegetables,55-838-9088,Cogilith,34,92,26,2.5,2024-09-01,2024-04-10,2024-12-27,01 Northfield Road,28,71,Active,False,True,True,265a2dc519badd5a4884f9f61a198f0904ad3eaabd865ad54fba68f55102a3cf
29-135-0791,Jasmine Rice,Grains & Pulses,05-050-4384,Babblestorm,56,48,82,4.75,2024-10-18,2024-12-21,2025-01-11,97 Utah Lane,71,65,Backordered,False,True,True,7c044804e78de071df24a012781e7a927d79ae3e0cb35f6c985b9412a343fc9e
45-194-4094,Plum,Fruits & Vegetables,65-611-4749,Devcast,64,71,69,3.9,2024-10-10,2024-06-14,2024-10-10,2 Scofield Street,60,67,Active,False,True,True,1924761a6697a1045dcdecb9e2e93408b0aa7867de702d1e262e0ef90d0c3011
09-712-3630,Grapes,Fruits & Vegetables,17-807-6972,Aibox,87,62,2,5.5,2024-07-09,2024-03-25,2024-09-30,10 Golf Course Hill,22,38,Backordered,False,True,True,b89a4ced92f7fe5cc97064d34ebb95b145943a6ab42a7c375ad0642c7a912f76
56-213-0577,Papaya,Fruits & Vegetables,72-306-8602,Kwinu,24,25,52,4.5,2024-05-25,2024-05-23,2024-09-17,851 Hollow Ridge Center,24,77,Backordered,False,True,True,74e586bd11fd128ddd1398b8c9b80503c3cc60468f66fcc4b630eb107483c8d4
78-956-4737,Sushi Rice,Grains & Pulses,76-712-0418,Photobug,47,1,60,4.2,2025-01-29,2024-05-19,2024-04-18,9 Burrows Junction,32,87,Discontinued,False,True,True,1532fd5a3de9aff3e976a86522cb364962dc1be93f945d0a4f4e4bb91e485614
29-436-6570,Digestive Biscuit,Bakery,12-140-7809,Quatz,61,8,45,4.0,2024-06-20,2024-09-27,2024-09-17,30590 Bowman Alley,73,64,Discontinued,False,True,True,f8be25481231ef732a4b6fd81ffe28cee2409257c58807d0926fffc707c98cee
04-038-1547,Rye Bread,Bakery,61-912-9541,Realblab,48,2,16,2.8,2024-03-26,2024-11-24,2024-06-08,76 Shelley Pass,27,1,Discontinued,False,True,True,390ae3a8d5f6c0f49d10a0b3b1da71953217902b6b0f482d0d7ae114ad128221
76-476-9996,Chocolate Biscuit,Bakery,88-428-6227,Photobean,37,96,82,5.0,2024-10-06,2025-01-14,2024-12-06,0 Larry Terrace,35,23,Backordered,False,True,True,0d1014b9814e3e066305c1f084de6f348c31a38c2b1319708406b650ab5993fd
43-469-7551,Arabica Coffee,Beverages,64-361-4238,Rhycero,45,36,97,20.0,2024-12-27,2024-05-26,2025-01-25,760 Butternut Plaza,36,6,Active,False,True,True,60697ba4a52532b756687ed22e869ce72d8a851b33fd4a3d1d3fc0ef167729a9
15-169-8058,Bread Flour,Grains & Pulses,14-009-8505,Feedfire,87,97,28,1.5,2024-06-12,2024-09-23,2024-04-18,26160 Independence Alley,58,21,Active,False,True,True,a8dadc0cb71da0a1cdfacab2a34d20c4834e940c633e1bb17e86619dcb0e876f
37-567-3218,Almond Flour,Grains & Pulses,03-257-4437,Trilia,37,47,34,9.5,2024-07-30,2024-10-31,2024-07-20,153 Caliangt Plaza,38,89,Backordered,False,True,True,98d9c93ea183cfc6fd05edba7335e1b2092c5f7458fbe3541374c7e8002c0b8d
92-455-2959,Robusta Coffee,Beverages,13-109-8639,Katz,59,62,57,10.3,2024-09-11,2024-07-16,2024-02-25,0 Ohio Hill,90,94,Backordered,False,True,True,1a9385864705e83557f2cc874386e767c19375a1e59fc6d719a9c92e7099115b
75-672-4378,Pomegranate,Fruits & Vegetables,20-103-9525,Eare,62,40,86,6.0,2024-07-15,2024-11-16,2024-06-05,4 Esch Point,45,86,Backordered,False,True,True,d02a9e300c03b103c3772ecdcce99029092db8884c9f0f998629e2b2d2dc2554
66-806-6051,Yogurt,Dairy,19-875-5642,Devpulse,63,12,82,1.7,2024-09-23,2024-07-01,2024-05-23,8 Kensington Place,56,31,Backordered,False,True,True,f8bba52f62d9245e4583bcb3488c5a490d2752989e3f394e2f7b1cd1ee25c22c
65-527-9488,Grapes,Fruits & Vegetables,23-482-0516,Layo,38,72,39,5.5,2024-07-10,2024-06-24,2024-10-10,23704 Algoma Park,59,8,Active,False,True,True,90d9679aa75f9f377ec0c87166f81aaf328493d2f3ef920ea77aa03c4ae4e2a1
36-840-2728,Mackerel,Seafood,26-454-7297,Dabfeed,76,21,3,7.5,2025-01-21,2024-08-10,2024-03-14,08545 Lillian Street,31,47,Discontinued,False,True,True,7a15cf5f6ec6a049fa274d2b739f8a1312ff39507b85dcc06160037589a78e9f
07-389-5740,Egg (Quail),Dairy,72-784-3292,Skimia,34,94,69,0.8,2025-01-03,2024-03-12,2024-07-17,59 Veith Center,96,30,Backordered,False,True,True,aee56e7b50fd9085246229cbfdfe76e3f3b5c509aff9196fee5830cff34821ae
13-144-2169,Eggplant,Fruits & Vegetables,11-742-5033,Blogpad,25,62,11,3.0,2024-10-01,2024-12-01,2024-09-07,52 Namekagon Junction,57,98,Backordered,False,True,True,ac8d287eea9cccd85fe756bf09b826c33c2c2ac75af20eacd848b4ce1dbeecb5
13-798-3397,Egg (Turkey),Dairy,89-992-6472,Twimm,86,16,37,2.5,2024-03-27,2024-05-09,2024-12-20,93321 Kennedy Point,34,66,Active,False,True,True,42ef1bf615031fa5ba19602247d453c245b8cf704145739c14786d6e44388393
85-806-0613,Oatmeal Biscuit,Bakery,06-286-2758,Kwimbee,41,21,47,5.0,2024-03-07,2025-01-01,2024-04-26,9269 Main Trail,50,99,Active,False,True,True,0e25e9afced9fa60419db32fffc58968c788d887bb50d5bfa563793cc89a79ea
67-248-6306,Cauliflower,Fruits & Vegetables,86-173-6891,Avamm,77,54,10,2.5,2024-07-27,2024-10-02,2024-12-22,05 Bartelt Street,64,73,Active,False,True,True,03ec3b77b2ca02e321fad84338f7595f07d2905c0df28a5b18ccb504415f848a
47-866-6589,Egg (Duck),Dairy,78-203-1075,Dynazzy,41,61,69,1.0,2024-07-26,2025-02-03,2024-07-27,30880 Barnett Junction,30,100,Discontinued,False,True,True,eaf454871401ff5e0db14903c5059831771129aa54fc12069db3543019f33b4d
91-127-7489,Orange,Fruits & Vegetables,86-079-1525,Oyondu,44,8,52,2.95,2024-05-11,2024-12-10,2024-08-04,43211 Anzinger Drive,42,66,Active,False,True,True,8dc31aa4baeb67803833d8b613304b7885273aee55811eb44237b7831391875f
90-343-9640,Avocado Oil,Oils & Fats,54-919-9424,Dabtype,53,89,100,10.0,2024-07-01,2024-04-06,2024-10-06,3622 Anhalt Lane,22,83,Backordered,False,True,True,989aa2931e9367900661470985e09288d545f45e007c42b0a75cb9eba5164264
01-018-6418,Chocolate Biscuit,Bakery,78-888-6073,Chatterbridge,68,29,100,5.0,2024-11-13,2024-09-27,2024-07-16,481 Mifflin Hill,70,26,Backordered,False,True,True,07e5c98ed5be40317eafa69a8acd7d019a34b90a7538cb042abd55a70afbbe0c
80-375-9075,Swiss Cheese,Dairy,86-487-3354,Centidel,96,34,57,8.0,2024-11-23,2024-10-20,2024-06-19,3831 Goodland Road,71,17,Discontinued,False,True,True,d0a8f84df14b379bc18e1198efeffbb8d2e19cde1410fcceb17c68fdcda592a5
80-227-6886,Garlic,Fruits & Vegetables,91-632-7343,Layo,33,4,31,7.0,2024-03-13,2025-01-12,2024-06-14,4374 Corry Terrace,46,92,Active,False,True,True,d9ee00f4e97da8fc15fada0a7f8faa1efd5a0eecdc8a8cf5110502c9d23c171e
15-562-3712,Cauliflower,Fruits & Vegetables,53-243-7800,Yakitri,33,89,15,2.5,2024-08-27,2024-06-20,2024-10-28,1 Hudson Hill,90,52,Discontinued,False,True,True,8fc85ab87e7e51d00e3e49458940396f3e8c219bdf4d172ce32ac8e26580f3ae
10-137-9759,Watermelon,Fruits & Vegetables,23-688-6256,Trupe,90,17,17,3.0,2024-03-31,2024-09-03,2024-03-10,402 Kings Road,82,84,Backordered,False,True,True,62476ee6b293c562a6a38e034625449a36328b6a978189582104f6982003acdc
69-171-1305,Brown Rice,Grains & Pulses,33-733-7313,Livetube,31,29,57,2.5,2024-10-26,2024-06-18,2024-10-11,9951 Petterle Alley,25,22,Active,False,True,True,c448d8540827771cf83273fb31081654d81382f2ee1e752b25357f1cfbff694c
83-117-7658,Asparagus,Fruits & Vegetables,61-424-7670,Yabox,92,3,81,5.0,2024-04-05,2024-02-25,2024-12-19,0282 Emmet Hill,62,20,Backordered,False,True,True,1ed1e7df504efe5cdecfaa64bda16a4dd7492f5011fd25311eb895398388ee2c
74-642-2435,Cauliflower,Fruits & Vegetables,52-012-3409,Skinix,66,31,18,2.5,2024-04-06,2024-12-28,2024-04-08,6292 Chive Street,85,39,Backordered,False,True,True,8b66b57654057ef1798c0bf6ca0a6c436f1da42f484c2c4c5665735e4d57b9a3
10-445-0741,Anchovies,Seafood,82-470-7146,Mybuzz,83,17,39,10.0,2024-06-03,2024-07-11,2024-03-31,31 Loomis Park,33,20,Active,False,True,True,ef249466f40875358bc2102bab451b6ae40ae210fe94a9dfad03cc477ccca1b8
80-658-6456,Mango,Fruits & Vegetables,42-080-6579,Wordtune,84,9,46,5.0,2024-06-08,2024-05-19,2024-12-10,44051 Old Shore Junction,30,68,Backordered,False,True,True,4746fa039614408c56056ee488e01a37a8d1203301f1b5bac60715570cc3d136
81-354-4203,Haddock,Seafood,15-466-5131,Yabox,76,57,78,9.0,2024-06-18,2024-06-27,2024-04-28,12 Luster Terrace,52,86,Discontinued,False,True,True,c0231ba63568e6102fcaadb011288af85e74517f10c5359e719da2d633406d63
08-573-9997,Pomegranate,Fruits & Vegetables,95-734-4024,Meevee,26,1,9,6.0,2025-02-10,2024-04-05,2024-12-02,03 Little Fleur Pass,82,8,Backordered,False,True,True,983028c6c70cc36f853a6ad9013866d9bd948578befb892feb2840f4b505446e
74-610-2295,Green Coffee,Beverages,22-959-6357,Lajo,61,31,100,12.5,2024-12-30,2024-03-16,2024-09-26,87 Bluestem Parkway,95,61,Active,False,True,True,f57a76e387c0eb187a9832d76e41805218bd158cc06d1a97d926e9fe8e276369
76-070-1411,Evaporated Milk,Dairy,63-528-0643,Realcube,15,75,78,1.9,2025-02-01,2025-02-12,2025-02-14,87578 Stoughton Parkway,71,21,Discontinued,False,True,True,5f47185338268d2d7322fcab612ca1ca7b6a776090feb953ac29c52b64893f73
61-582-7399,Apricot,Fruits & Vegetables,15-062-6342,Topiczoom,73,83,74,5.0,2024-03-29,2025-02-05,2024-07-22,8 Hanover Center,87,10,Discontinued,False,True,True,6f13c4afc841d1b5cec71042b4747330bc90263ef14190a386688bf54303ce06
42-674-3917,Whole Wheat Flour,Grains & Pulses,26-080-4944,Pixonyx,41,76,47,2.65,2024-09-15,2024-04-20,2024-06-06,78 Forest Dale Road,50,50,Backordered,False,True,True,3529d22ba45c7cdcc635cd899554b3b0e516e30daf0375bfc5721c29b41c7c04
05-899-1428,Avocado Oil,Oils & Fats,17-494-5505,Dabjam,14,75,10,10.0,2024-10-04,2025-01-25,2024-07-01,591 Maple Junction,65,62,Active,False,True,True,1f52724cf0a7e002427fdf19398b4720e22af3ce13ebe69a87bd65d1ae0cde64
74-548-9313,Mango,Fruits & Vegetables,69-832-7009,Meevee,99,59,12,5.0,2024-06-24,2024-09-20,2025-02-12,1 Judy Street,52,57,Backordered,False,True,True,499e79941bb159d6e662379ed55a84d1815ab58a7cc2e5069c8933cb2a4dfe20
20-448-2972,Asparagus,Fruits & Vegetables,26-920-6626,Buzzbean,80,6,92,5.0,2025-01-14,2025-01-20,2024-09-16,49770 Hoffman Court,26,71,Discontinued,False,True,True,be5b196d10e344e99c1a9d8c41f5959bd7f75660b4fcd474eabc274dabd49167
63-162-9244,Eggplant,Fruits & Vegetables,58-945-2944,Vimbo,49,89,65,3.0,2024-05-24,2024-08-11,2024-05-17,04 Rockefeller Terrace,37,48,Active,False,True,True,2e6a0291b3741ecc4ec78e368081b3cea5c61bed93a90f784d4e3b0f6ca433d6
91-417-0366,Grapes,Fruits & Vegetables,28-442-2578,Riffwire,25,74,100,5.5,2024-06-07,2024-12-07,2024-12-04,1 Elmside Parkway,41,59,Discontinued,False,True,True,8f7f5f45c70faaab777a5c0e8fb4995c2c82fda1d1f5d64240a4f980cb0a5787
60-311-5701,Sesame Oil,Oils & Fats,07-578-7055,Shuffledrive,39,78,97,6.5,2024-10-29,2024-10-19,2024-07-17,9 Meadow Vale Drive,54,89,Backordered,False,True,True,eab168fd06e074beddc77bf44da6d83e5da582f450411081c4ecdb3e16fbe27e
36-899-5324,Orange,Fruits & Vegetables,02-656-3112,Flashdog,94,58,17,2.9,2024-08-01,2024-07-05,2024-12-19,3 Bashford Court,57,74,Backordered,False,True,True,da9c7f9708b0a122bf9aefe798ca02176e67a4500efa35a11bf9ad84e416374e
22-266-9291,Sardines,Seafood,15-550-0171,Vinder,11,17,59,6.0,2024-07-20,2024-03-27,2024-04-08,111 David Hill,69,100,Backordered,False,True,True,4f031d8c24fe8604fadbbee520624138272d648a51467e8034fd067bb10a0834
76-584-4790,Peanut Oil,Oils & Fats,58-213-1146,Twitterwire,21,52,80,4.0,2024-06-03,2024-11-04,2025-01-01,1170 Shasta Circle,49,37,Backordered,False,True,True,e0545878de4b321169505d9e453ca9c382dce4edede2049094ce8b4ef69c2a30
82-948-2298,Kiwi,Fruits & Vegetables,53-749-6148,Topdrive,38,91,94,5.7,2024-07-12,2025-02-17,2024-11-21,555 Butternut Hill,53,87,Discontinued,False,True,True,56d3cfe86dd40df6d80184b19620742a6f97afa0a781b75a061d888f11013467
97-283-4840,Palm Oil,Oils & Fats,64-604-1679,Browsetype,58,23,66,1.8,2024-04-29,2024-05-12,2025-02-24,7232 Ridgeway Center,82,61,Backordered,False,True,True,a65e5ab8278ed0a512249f88e0bf07721f85bd482e1553a1d7a1dd58da86f0b6
17-395-1121,Plum,Fruits & Vegetables,67-252-3923,Lajo,85,16,74,3.85,2024-11-18,2024-10-08,2024-12-03,8 Oriole Terrace,58,36,Backordered,False,True,True,1178635c65ee5e3502765ad32092cc61fb92b690dd21a38fb4a2bc523ed5a367
74-132-5528,Cauliflower,Fruits & Vegetables,41-713-1053,Vinder,63,62,98,2.5,2024-05-30,2024-03-21,2025-01-22,611 Fieldstone Drive,62,45,Backordered,False,True,True,fe13490d0ca52f94ab530ee100246b3f17cecf0cd8c72b9493ce68396e3a9cff
52-029-2382,Coconut Oil,Oils & Fats,16-474-4516,Brightdog,54,86,69,5.0,2024-11-26,2024-08-15,2024-04-08,08896 Evergreen Avenue,29,8,Discontinued,False,True,True,853468b2257744d197308cf02904f43ff1455606a4af49e0ffdf854327150ea8
11-053-0107,Cherry,Fruits & Vegetables,07-410-2867,Rooxo,30,25,11,8.0,2024-12-25,2024-07-12,2024-06-28,734 Thackeray Avenue,42,76,Active,False,True,True,98c1dc820ef8a07db091f815285afc171b0b0fcbdc675af40162336f285e7655
99-194-5600,Cauliflower,Fruits & Vegetables,70-064-6828,Tanoodle,57,25,98,2.5,2024-06-14,2024-02-25,2024-05-14,973 Spaight Place,78,37,Active,False,True,True,6a07d068686c5a151e2e3d179ae1eca8c47634a204dd9dd80390dc773de5cd71
48-289-0604,Vegetable Oil,Oils & Fats,94-261-1193,Browseblab,18,72,71,2.0,2024-05-05,2024-08-12,2024-06-20,5 Colorado Park,25,81,Active,False,True,True,f418a173ff51794949f1ec86dca40b6b48121be27f83e6980d7ae869749ce819
73-010-8323,Tuna,Seafood,80-622-6587,Tagcat,16,34,89,18.0,2024-12-26,2024-02-27,2024-04-29,811 Dapin Center,35,52,Backordered,False,True,True,fac0a43589624fc742cbf5af0e0c8d4233b7d339fd71232a3129f1b1d3242d23
06-068-6793,Buttermilk,Dairy,94-958-6101,Twitterbeat,39,80,68,2.5,2024-07-20,2024-08-06,2024-08-15,25 Nancy Place,46,54,Discontinued,False,True,True,7697085d1c12e926ba49815dfe6d1583e92133f3a5a1d049c1cbc466cc74deea
56-054-8664,Lemon,Fruits & Vegetables,53-247-1844,Centimia,59,82,69,2.45,2024-05-04,2024-03-25,2024-03-03,01 Straubel Hill,30,34,Discontinued,False,True,True,154007706640d015c24366f0452283327814853aa0207dbab1f22baa7348945d
36-330-5036,Salmon,Seafood,52-359-1255,Mycat,79,28,4,15.0,2025-02-01,2024-09-20,2024-05-17,21 Golden Leaf Hill,42,46,Active,False,True,True,84cf4ee48a328a06488efbf8ea2d73c298888dbc5dd66f98094f0c6810e8ff90
65-674-6076,Egg (Quail),Dairy,16-933-3355,Ntags,78,61,6,0.8,2024-05-27,2024-10-06,2024-12-18,9738 Old Shore Trail,49,60,Active,False,True,True,528c8f2134c94c7505c3e99cd35bd13ec690d9004f6e9165ebaa1f805a65c4c5
87-013-6488,Sushi Rice,Grains & Pulses,77-471-0792,Tekfly,22,10,53,4.25,2024-08-08,2024-10-26,2024-04-14,07855 Goodland Lane,64,7,Active,False,True,True,35d7ec5be0a56df4a089a3162518d5e62690abacacaf6d6ee4f1ebfc78e515b1
95-449-1286,Egg (Chicken),Dairy,18-260-7354,Realfire,10,17,70,0.2,2024-12-29,2024-12-23,2024-09-08,1 Jackson Pass,100,63,Backordered,False,True,True,f76b854e649033ba6dd5869760707cf2e8ee9791a650832fc2a90b2972ce105e
95-640-0293,Arborio Rice,Grains & Pulses,43-575-2151,Geba,34,32,22,4.5,2024-05-02,2024-11-02,2025-02-07,31 Sullivan Hill,42,27,Active,False,True,True,9203688401a0aaf47c422067cb893543793c7aed796b8e58a4d774514905f746
08-495-6853,Heavy Cream,Dairy,07-432-0137,Yadel,74,62,6,4.0,2024-12-27,2025-01-13,2024-08-14,7943 Amoth Parkway,65,96,Active,False,True,True,5b7d19e02cc971b999d38abece76ddb4ea0a997ebf8e768e6d18389d9df58524
42-495-7698,Sushi Rice,Grains & Pulses,93-625-4768,Latz,10,11,29,4.3,2025-02-13,2024-10-08,2024-07-22,91 Gateway Pass,29,72,Backordered,False,True,True,022bc4842372289dfe55cd8dc2f834d6258c53e7da794d3f19503fa75e2b9b61
83-727-0814,Basmati Rice,Grains & Pulses,79-656-1990,Yodo,11,87,64,4.5,2024-08-30,2024-06-08,2024-06-05,28 Boyd Pass,29,6,Active,False,True,True,180981868061b0c8dc41ec485823d8c49bb44f0bab2cab7ef230f423c185a67c
01-050-2246,Grapes,Fruits & Vegetables,80-462-5807,Gabspot,99,68,1,5.5,2024-07-13,2024-02-25,2024-09-08,38 Esch Pass,59,16,Discontinued,False,True,True,292444cb303964c5a3628f197a89df45575311ebd28f71ffa509fdb5bd04ce50
07-858-5487,Swiss Cheese,Dairy,92-991-6167,Meeveo,64,14,44,8.0,2024-06-23,2024-05-16,2024-12-29,6 Susan Alley,53,33,Active,False,True,True,99e9c9b9006b0c5794630b6794d71e5149001e909a81dd0e8486b8138361784e
20-283-0111,Pear,Fruits & Vegetables,60-394-8955,Cogidoo,58,55,5,4.45,2024-12-31,2024-04-17,2025-01-06,0 Ruskin Way,62,89,Active,False,True,True,542a36df8ff4155922cde25944b35af634885f94c1154a870b760f30d12b2e69
87-391-9658,Corn Oil,Oils & Fats,51-054-1226,Centizu,26,100,13,2.5,2024-11-23,2024-09-18,2025-01-07,92486 Laurel Alley,45,45,Discontinued,False,True,True,420c6212c911becceedccfc86fbe2ce0d843daedf31f519e5c61d1efa61ced71
44-782-1395,Raw Sugar,Grains & Pulses,54-132-9762,Flipopia,72,72,68,1.5,2024-09-29,2024-06-26,2024-11-17,365 Vera Terrace,39,78,Active,False,True,True,22fb72fe15db2f2c08ee84b17173566f26c25a85e17e81126e97f27dc377e247
12-828-1063,Mozzarella Cheese,Dairy,48-707-5857,Buzzdog,36,82,85,7.1,2024-04-28,2024-03-29,2024-08-05,018 Oxford Crossing,27,67,Discontinued,False,True,True,f299703f2de13cfa02a76f4cf70400582d7791b3ea87f2703a7fa7d4e3f2852f
72-989-2512,Mushrooms,Fruits & Vegetables,03-117-6217,Yakijo,24,21,4,6.0,2024-04-05,2024-06-27,2024-10-28,61 Waubesa Court,85,17,Backordered,False,True,True,3590a86b6404ac7458373246a951bb6fcb163b3fc447a8747022db05ecb4ef65
53-667-4109,Onion,Fruits & Vegetables,40-800-4739,Voolith,16,75,42,2.0,2024-07-23,2024-03-21,2024-05-24,992 East Point,22,46,Active,False,True,True,4f4f99e8743021ff93e3465aec4fd6b1ab1f25a2b42ab86313a001c2c777b0ad
93-772-3085,Banana,Fruits & Vegetables,61-807-0746,Edgetag,39,19,18,13.99,2024-03-30,2024-07-18,2025-01-20,07359 Porter Park,58,90,Active,False,True,True,059a6afc53a378ef99f9b790fc894b123ebf6db58bd73fcd8eb86f0af7b7409d
92-652-3737,Zucchini,Fruits & Vegetables,42-361-6981,Quimm,89,56,74,2.5,2024-11-10,2024-07-30,2024-10-01,66330 Northridge Street,27,51,Backordered,False,True,True,4130d14a08b591f889b8c14ea3efa0658b80c26b5d3502f9357e95682d8ecb18
74-404-0582,Cherry,Fruits & Vegetables,31-628-6696,Jabbersphere,57,82,59,8.0,2024-09-10,2024-11-20,2024-06-11,07 Maple Wood Drive,44,57,Active,False,True,True,1df9541067f22dbdf293a4eea1f1b71750ba5b0090ff9c37420260c24b9d1812
19-244-9890,Herbal Tea,Beverages,98-107-0604,Wikido,61,22,98,30.0,2024-03-07,2024-10-02,2024-11-09,620 Mockingbird Pass,90,11,Active,False,True,True,89316c5ab6e887430a1527a8cd1933e5ac73d053a5724514d908b47acd4ced55
01-839-6534,Short Grain Rice,Grains & Pulses,51-519-4588,Tanoodle,56,28,76,3.0,2024-10-25,2025-02-04,2024-09-02,8 Hazelcrest Street,93,69,Active,False,True,True,6a6af2c68b23d87ea2ac2fe8304b19076500f5b685360d1c78d7a542076e5a57
58-229-1358,Cream,Dairy,66-883-2383,Bubblebox,21,24,2,2.35,2024-04-05,2024-09-11,2024-09-28,1 Lillian Plaza,87,36,Backordered,False,True,True,6d96a129a112cf7ec51aab8f723db49723cfd72782a37cc5737324fa0f5b32bb
80-025-6757,Grapes,Fruits & Vegetables,49-608-3851,Thoughtmix,59,29,100,5.5,2024-04-04,2024-11-29,2025-01-01,183 Algoma Trail,74,16,Discontinued,False,True,True,1bcb84ad93808b58f4408e9ea9693286c41615f737d5470be453af5bb93a0c35
35-031-1497,Green Coffee,Beverages,84-835-1656,Linklinks,20,68,20,12.0,2025-01-09,2024-07-04,2024-11-02,581 Oneill Crossing,38,51,Active,False,True,True,d0c7691e3678cb7de8254854ad5e879537e4830228d996117bed43df37dc19c7
26-629-5920,Rye Bread,Bakery,19-264-7608,Jetwire,99,6,88,3.0,2024-05-15,2024-07-16,2024-12-14,77563 Russell Lane,49,9,Active,False,True,True,82fa85d888f8ce6723df82400e558ee0272afc45b8c3a6350b658d8536185a29
51-000-8113,Green Tea,Beverages,56-825-0880,Vidoo,24,27,35,8.0,2024-10-14,2025-01-31,2024-11-20,51369 Dawn Hill,49,58,Active,False,True,True,993d99d615a2a2650ab8bbe35048469d5799cb5302ab15d82b937922c482aab4
93-571-7294,Sushi Rice,Grains & Pulses,77-842-0920,Quire,78,94,7,4.35,2024-09-06,2024-11-03,2024-05-22,76 Fisk Park,69,40,Backordered,False,True,True,6109f2b60364b1df83ac64c393b6852da7b118a9b3f219787f1f54a9fe50a97a
48-770-6319,Egg (Duck),Dairy,64-452-2395,Fivebridge,52,31,18,1.0,2024-04-28,2024-11-21,2025-02-02,34 Fremont Point,77,16,Backordered,False,True,True,151854399b5999dd701d58f431fa939f9d5b20ea6223a52bbc8abd089b7bec70
74-818-3306,Spinach,Fruits & Vegetables,75-536-2986,Eabox,45,70,98,2.45,2024-08-10,2024-07-27,2024-05-09,62 Thackeray Center,25,39,Backordered,False,True,True,b9dbe656db703d4320f7a58df7c27dd53d7d85d526587b01c351413dfd979224
15-082-9124,Apricot,Fruits & Vegetables,02-997-1489,LiveZ,89,35,19,5.0,2025-01-31,2024-10-08,2024-05-07,38 Dawn Street,49,55,Discontinued,False,True,True,090478c4c84ecfc0e126fb36ce19089e2886cfbe24f6645bb597ad20ed073a88
66-854-5736,Kiwi,Fruits & Vegetables,98-591-1051,Vitz,63,57,11,5.8,2025-01-11,2024-12-23,2024-05-10,50880 Nobel Road,20,100,Discontinued,False,True,True,d24c601dd2c95a767cb0f437f3cb26f548c5d29429ba50633088b2331fb8e8d1
90-128-7973,Black Rice,Grains & Pulses,91-417-6283,Shuffletag,49,3,7,6.25,2024-09-19,2024-10-31,2024-03-13,46989 Crescent Oaks Junction,75,46,Backordered,False,True,True,8dc4a7a14ebdb2b00513be864b8e61508fe76b9b2a14749b6e768fe6e378ccb9
60-198-7050,Green Tea,Beverages,27-493-6787,Photobug,26,59,54,8.0,2024-08-10,2024-11-24,2024-03-19,5306 Arkansas Avenue,92,49,Active,False,True,True,ce4f92d6c2f1820cbe7e71f933267c657e0acc238150ffd67e6b586ad057dfab
70-206-4860,Egg (Quail),Dairy,82-527-9395,Meejo,93,68,71,0.8,2025-02-09,2024-03-11,2024-09-17,75 High Crossing Junction,30,37,Discontinued,False,True,True,45464aedb062b363eac4f6fe557907d62468b859254907254e438051e0918cb3
25-353-2067,Papaya,Fruits & Vegetables,01-210-3485,Brightbean,81,16,69,4.3,2025-01-06,2024-08-04,2024-07-25,59449 Sherman Parkway,23,96,Backordered,False,True,True,85693fe6c6f942c466247f8988fc8622cd4b626408ef0807ac7cab27dc5001ca
93-218-8108,Heavy Cream,Dairy,05-966-6460,Talane,74,60,27,4.0,2024-06-17,2024-05-22,2024-11-17,9848 Little Fleur Point,99,68,Backordered,False,True,True,93ae46e25b6876a5fe54277528f346d84667191adaad978d676000da04b4f5de
95-262-6208,Black Tea,Beverages,66-227-1125,Devshare,19,78,90,5.0,2024-12-24,2024-04-15,2024-07-29,44662 American Plaza,72,84,Discontinued,False,True,True,bdf3aa616d80c11a499437c8db8ced2ecb5068c926d0d7f50e6cf60d06eec046
02-484-0206,Short Grain Rice,Grains & Pulses,62-011-9357,Quatz,64,97,91,3.0,2024-11-25,2024-08-20,2024-08-02,60 Main Pass,48,100,Active,False,True,True,390f6cf99befbf7023ff4e737cc92d642d089412e06782191e1e60ceec3a0abc
08-226-5155,Bell Pepper,Fruits & Vegetables,64-584-7898,Zava,49,93,15,4.5,2024-04-27,2024-05-01,2024-04-27,81503 Graedel Plaza,52,31,Backordered,False,True,True,50c65936975fe29d95abe4c1b9ed82328ef82fe3ad54bd6097c983a70ebeb4f1
47-581-0363,Parmesan Cheese,Dairy,08-359-2568,Tagpad,99,10,88,12.0,2024-07-14,2024-12-05,2025-01-20,8 Dawn Court,69,98,Active,False,True,True,d0e4c06e19d84d40cfeee77ee703957b6a9bc0e1fe8ba9face5e66a7f7661ec9
04-104-6993,Buttermilk,Dairy,06-776-1072,Trilia,60,1,42,2.45,2024-11-16,2024-08-27,2024-10-15,55095 Northview Drive,42,91,Active,False,True,True,f23e311afffaf5033850a8e789c2d55a5ccde74e12520dbafe8814984cf26e50
45-380-4627,Cabbage,Fruits & Vegetables,20-201-5639,Zoombox,90,1,40,0.9,2024-10-20,2025-01-11,2025-02-16,0 Thackeray Point,52,19,Discontinued,False,True,True,b2d5aa21ed907255f23bed59b1a9a754a0abff319be33f873e3d3e9d9a95a1cd
41-240-8856,Haddock,Seafood,28-162-7486,Snaptags,79,53,12,9.0,2024-08-18,2024-05-29,2025-01-10,8 Autumn Leaf Drive,45,95,Discontinued,False,True,True,3d13d864064199372f2db7606c82c4e7ae87702b5878e708af6739c36795531a
81-573-0943,Egg (Chicken),Dairy,07-754-2313,Topiclounge,22,58,2,0.2,2025-02-07,2024-06-28,2024-11-14,20 Marcy Circle,33,68,Active,False,True,True,4008d9891ae0762333240f0ef5cd98a9fa948765897c621d528b458257ac00e3
67-725-6830,Brown Rice,Grains & Pulses,05-727-0033,Quinu,51,47,6,2.5,2024-11-23,2024-08-11,2024-06-18,9 Victoria Point,53,4,Backordered,False,True,True,7133475f652584671a5032d79e6bee0aace0f1bd2cecd225089288fb6bedcde2
55-154-4728,Arabica Coffee,Beverages,33-466-7894,Yotz,65,63,41,20.0,2024-04-02,2025-01-07,2024-03-29,96 Westridge Junction,28,26,Backordered,False,True,True,44d6b4d1a5b47244a47808cc417a01b6861a4174c30498e9b33821b75aa539d7
41-526-4036,Whipped Cream,Dairy,45-923-7206,Flashset,55,25,87,4.0,2024-05-13,2024-03-02,2025-01-29,38726 Gina Pass,69,48,Backordered,False,True,True,28613d43f243d483ac0e3b44d7c64605564c329ad0593865b71b2a2c298260f0
86-273-9377,White Rice,Grains & Pulses,38-330-5543,Eimbee,18,86,20,1.8,2024-12-26,2024-12-04,2024-11-29,1 Hollow Ridge Park,64,34,Discontinued,False,True,True,597c9edc4c72d22ec7050ce7348053cfcfbea70efa2498d156e9bcc127a733b2
98-499-2220,Parmesan Cheese,Dairy,69-666-2257,Skidoo,37,3,45,12.0,2024-10-25,2024-04-22,2024-11-21,27 School Court,39,28,Discontinued,False,True,True,2682fc680e9da1b3c0668bdebf535be2a4f83ef341f8e3abf9559f9962527e7b
50-930-4751,Salmon,Seafood,40-260-8547,Abata,88,40,29,15.0,2025-02-24,2024-06-24,2024-02-25,80380 Valley Edge Road,96,87,Discontinued,False,True,True,436d3a64d524e0c6f68ec5c8f7a9c5b1add71977c15d07522e70ebb1a9014f1b
88-304-2855,Pineapple,Fruits & Vegetables,59-570-2020,Brainverse,20,51,33,3.5,2024-04-03,2025-01-24,2025-02-12,0 Delladonna Place,80,41,Active,False,True,True,36fa4be3d8c01f052093b9c1c3bab18c123e667fe790f0bc390dc478388659a9
69-743-0161,Bread Flour,Grains & Pulses,29-774-6779,Twitterwire,99,54,71,1.5,2024-10-22,2024-08-14,2024-11-21,583 Loftsgordon Road,80,10,Discontinued,False,True,True,71c3e27bf46231bbec4e02e79f0213445a4688bb7d07fba857c09336d6b821d3
40-902-1995,Asparagus,Fruits & Vegetables,86-879-7811,Zoomzone,46,88,20,4.8,2024-10-08,2024-12-08,2024-04-01,1519 Delaware Court,59,79,Backordered,False,True,True,763ec2b4ead20fc619afef469541bc51b31c359a543ec5c3f780202d04ebc326
50-329-3360,Wild Rice,Grains & Pulses,85-594-2570,Topdrive,19,77,66,10.0,2024-11-07,2025-02-16,2024-08-25,72 Crownhardt Circle,62,100,Active,False,True,True,e603ec9654fa4be74ce310f69152e90bb87bee26062e9e1687e160b2ae97e24a
03-441-4252,Yogurt,Dairy,11-430-6041,Wordpedia,12,83,93,1.75,2024-10-27,2024-06-28,2024-07-24,6 Bobwhite Alley,22,9,Backordered,False,True,True,7ee8ad9142825885b32e65168e645722cb9f3347e47eb85ccce32c7e0ea731d9
97-093-4278,Buttermilk,Dairy,38-200-4863,Twitterlist,69,98,89,2.55,2024-10-29,2024-04-09,2024-06-01,467 Dexter Pass,29,34,Discontinued,False,True,True,10638f1558c4277725bbae8003146ef524e328ccf005c77a53bc66a5585f401b
01-820-5784,Egg (Duck),Dairy,80-567-5598,Skipfire,63,38,77,1.0,2024-12-23,2025-02-12,2024-04-26,6982 Crownhardt Circle,23,18,Active,False,True,True,1eff5dc416e8448367325af527c5b8ec5fac5ada9fa4bebf3daefa4ee8888dfe
31-803-5001,Asparagus,Fruits & Vegetables,14-414-1945,Voonder,78,16,37,4.7,2024-10-12,2024-12-04,2024-06-01,64 1st Plaza,25,96,Backordered,False,True,True,36bf1cc0d0c19be9940b34c53265f09586950ace6c6d8cb017e722c3def5f833
61-317-9944,White Bread,Bakery,03-220-5535,Skivee,72,20,71,2.5,2024-06-29,2024-05-17,2024-10-29,21844 Artisan Trail,87,68,Discontinued,False,True,True,a540f12d27fc944ccb5f98fc7e4b8398e6c33d1d83328211f0d853a0e3f947fc
56-303-5256,Wild Rice,Grains & Pulses,29-821-5359,Babbleopia,58,24,25,10.0,2024-08-24,2024-11-17,2024-03-21,3 Hermina Circle,75,26,Active,False,True,True,6e791545862f5b4401e823201d39984df278e8cfceef023361081a764ec2a9d9
86-672-4191,Egg (Goose),Dairy,79-219-8469,Einti,88,22,61,2.5,2025-01-04,2024-09-29,2025-02-08,18 Troy Avenue,54,100,Discontinued,False,True,True,af08cce82aac01e15583f59e57d95d7b6ee5cb289395571fc9a3d221e7ca82a1
34-547-0827,White Rice,Grains & Pulses,30-853-8580,Wikibox,54,53,33,1.8,2024-04-07,2025-01-17,2024-07-05,18 Comanche Junction,94,82,Backordered,False,True,True,de597646e1aa2b54caff52aefb7a9d3887b8a5b9ac28b6399cc7169a58bc7271
20-387-7746,Powdered Sugar,Grains & Pulses,08-218-9429,Aivee,64,10,100,2.5,2024-10-14,2024-06-05,2024-10-27,9050 Dorton Pass,97,52,Active,False,True,True,dab4c589c103b672457528ce34b661748a95dec8ac7091c37cbd4dadc35113a3
50-329-3145,Milk,Dairy,88-418-3855,Jatri,12,54,48,1.0,2024-11-06,2024-12-20,2024-04-21,591 Maple Wood Drive,31,88,Backordered,False,True,True,da7490c937d8a18602fe2c89a78dfc016aa2ea4bf1aa4cf8b0676a620d16f7d0
02-559-8196,Mango,Fruits & Vegetables,44-495-6660,Jaxnation,61,14,49,5.2,2024-06-10,2024-12-12,2024-07-25,545 Linden Alley,74,35,Discontinued,False,True,True,446d355931d5cc0813e39bde11f6f152bdb42ad186d59f9f854c607e9d0f41c5
69-834-2874,Oatmeal Biscuit,Bakery,51-600-6076,Skajo,28,62,81,5.0,2024-03-27,2024-06-25,2024-10-07,39 Oxford Drive,28,30,Discontinued,False,True,True,cfb8057fba742a2125e948dc9ec512e0a88c98c08cac608f5ce3ef240d1747fb
27-474-0056,Spinach,Fruits & Vegetables,56-969-3705,Feedfish,23,6,40,2.5,2024-03-20,2024-12-19,2024-06-19,538 Bayside Parkway,95,24,Backordered,False,True,True,57a4471d2ee8afa254b04e803a15061188e59b2a8ccab84669f6ef40f618cece
66-378-7532,Blueberries,Fruits & Vegetables,15-365-5585,Flipbug,87,51,67,10.0,2025-01-07,2024-06-05,2024-05-06,88678 Bayside Park,55,100,Backordered,False,True,True,60389ec890458f2963f6306934f06a9e3898b0ffbbd507212701d6554f382f79
28-185-7303,Robusta Coffee,Beverages,97-143-0641,Yozio,59,31,3,10.0,2024-09-15,2025-01-21,2024-10-22,25696 Westerfield Alley,48,51,Active,False,True,True,b42156ded41a83af57db92099764b43254815ff6e025a7647856be20ac7f8f2c
19-854-3663,Watermelon,Fruits & Vegetables,72-509-7548,Dabjam,13,88,11,3.0,2024-11-19,2024-05-05,2024-12-14,4 Dakota Avenue,100,52,Backordered,False,True,True,7483f3ef85104c84c979adb5ff2b2d8c28bbbd44d9220c2234e987695d45e135
42-175-1648,Pomegranate,Fruits & Vegetables,67-272-8844,Browsetype,81,87,15,6.0,2025-01-08,2025-01-25,2024-09-09,72778 Loftsgordon Center,94,10,Backordered,False,True,True,7e715e43e0cfea9a82d227025fc2cc8f0912be09b2a5a658d3c076740ec1d389
56-657-4387,White Bread,Bakery,78-629-7560,Meevee,61,77,45,2.5,2024-03-21,2024-02-29,2024-06-22,5 Lyons Street,51,48,Backordered,False,True,True,6c450f5b18bea264ec63bab52f217653c4274ef3fb51c8589700829ee17e42f1
05-720-8792,Carrot,Fruits & Vegetables,33-265-4588,Linkbridge,80,91,36,1.5,2024-03-24,2024-07-08,2024-10-26,2 Northview Avenue,81,74,Active,False,True,True,4d75acd3e1e9fde58c2c38cf19407aeb7b284aa63c11fdae7235a26a3a45933d
84-151-2114,Brown Rice,Grains & Pulses,79-704-1471,Avamm,39,57,54,2.5,2024-12-06,2024-03-06,2024-08-11,12 Rigney Street,77,32,Active,False,True,True,a72e139c7731315b75c43d0270829b5dbeac2c1690b8f1b5ccf9bcf4206f807e
10-378-9729,Cabbage,Uncategorized,83-941-9620,Rooxo,69,21,68,66.55,2024-12-23,2024-11-26,2024-09-21,2 Butterfield Pass,36,35,Discontinued,True,True,True,25b93163ff7fb8e154a638ad3ecd3777fe24770196de34e9bfd890fe7d32a34f
53-930-2215,Egg (Goose),Dairy,42-210-6541,Gabvine,60,43,32,2.5,2024-07-05,2024-10-04,2024-07-09,292 Utah Street,77,60,Active,False,True,True,4eb42a99856cc53ed081022dba0682c262f955e275f5510eb9e85eb122f58256
02-034-6209,Sour Cream,Dairy,34-724-1913,Yodel,22,43,3,4.1,2025-02-01,2024-07-26,2024-10-08,96 Brown Drive,45,87,Backordered,False,True,True,b3b1185fbcbca2a4a06a885da4b71174abc31fccb830c35abfc4646e2e6e64a6
28-003-8065,Almond Flour,Grains & Pulses,42-579-7177,Voonte,79,47,51,9.5,2024-07-19,2025-02-16,2025-01-28,65 Merry Circle,83,69,Discontinued,False,True,True,73e89660668f69ddbbe01abf97e1e2ab6017ce592ec04e92971a5a9e5f1c0cbe
19-021-5024,Broccoli,Fruits & Vegetables,75-369-5047,Rhyzio,47,63,86,4.0,2024-05-19,2025-02-13,2024-05-07,4 Heffernan Lane,76,29,Active,False,True,True,d9fee0bee8f6ebb9d4038920c8200dd2420c11f74c8b02a02894e469c3104f78
07-846-4804,Jasmine Rice,Grains & Pulses,30-605-2164,Tagcat,20,25,73,4.75,2024-10-08,2024-07-02,2024-09-25,2 Fair Oaks Pass,78,1,Discontinued,False,True,True,ff2e01873923a899a2c8a2cd0e03e648d8f0e2b9b39bbcd4300d408acaf7fdc4
70-542-4269,Gouda Cheese,Dairy,27-772-7906,Gigazoom,41,22,11,7.0,2024-06-19,2024-04-23,2024-04-17,7 Victoria Hill,86,30,Active,False,True,True,9741c8df041f218c1b7d02a4bcea8fc17cdba1c6acd3ff81c3d71d3d0e0d4199
52-797-6961,Tilapia,Seafood,75-793-8978,Plajo,46,80,88,7.0,2024-09-19,2024-06-07,2024-06-17,13799 Quincy Park,62,22,Discontinued,False,True,True,d7e6de434f1b2b20f270e7c3946e69a9e4fe76ef9e48361fb2e2e0104c0ea522
66-327-2821,Palm Oil,Oils & Fats,82-525-7224,Skipstorm,67,57,36,1.8,2024-08-02,2024-04-10,2024-05-27,703 Hermina Center,78,60,Active,False,True,True,3a0e7c1f7be9eac26a3d9d8d954c44b7b7beb7c515467a79837e60752e69f433
12-093-9863,Arborio Rice,Grains & Pulses,21-416-3796,Feednation,51,19,96,4.5,2024-11-23,2025-02-09,2024-06-26,6748 Mitchell Road,73,42,Active,False,True,True,c55e662c91958e76b551900ce8cc65d2294a12e3670b768d4dd62928a616cd9a
08-396-2704,White Sugar,Grains & Pulses,94-186-9620,Cogibox,42,12,28,2.0,2024-03-10,2024-04-01,2024-05-10,160 Crowley Center,80,8,Discontinued,False,True,True,e443d9708c71a750f0dd00aea9be1d20745d4a221fb2bb725b97da878ad1f892
72-970-0239,Sesame Oil,Oils & Fats,64-752-3122,Divanoodle,85,86,21,6.5,2024-06-30,2024-07-24,2024-07-18,73966 Pond Trail,78,53,Backordered,False,True,True,6bdf7b84e393032331a48ee09b5296d766d23f7c9625d0ba10964aa3d4a3b08e
03-940-0630,Sunflower Oil,Oils & Fats,49-762-8263,Skibox,23,43,75,2.5,2024-11-08,2024-10-31,2024-04-03,27408 Burning Wood Street,91,86,Discontinued,False,True,True,da12bc96655fd6fdea702f4832d03db5b4b3c628c555a3517f34a52d611d866a
67-130-4114,Bell Pepper,Fruits & Vegetables,53-718-1768,Devcast,84,26,37,4.5,2024-04-15,2024-02-27,2025-01-24,9327 Hanover Way,46,67,Backordered,False,True,True,5fe6da812ba4b6779d7c3aa069b820b1bc53737cf9e841c741c69528fa8b8a74
32-270-1385,Greek Yogurt,Fruits & Vegetables,81-072-8266,Quaxo,28,38,23,42.58,2024-10-28,2024-12-15,2024-08-08,0500 Calypso Pass,48,56,Backordered,False,True,True,47c77de69ea7e928f41431f7152f25378c7168ae583473d6c772ef259f6499c8
85-510-2915,White Bread,Bakery,55-134-2668,Mybuzz,62,49,38,2.5,2024-12-16,2024-05-29,2024-10-09,8 Merrick Lane,42,44,Discontinued,False,True,True,a839f561903863d2530b5cda876fe55256e7763dedd3f679bdb7dea1be99ea9b
00-842-9790,Egg (Goose),Dairy,37-079-2530,Oba,65,94,4,2.5,2024-07-31,2025-01-30,2024-12-28,53894 Myrtle Place,66,36,Backordered,False,True,True,7da6df9cc58d6dacbaacaa2f757a3c5dff0c48c085c669f5eaa89a8d8e014c79
49-377-9731,Lime,Fruits & Vegetables,56-823-5908,Livefish,18,8,68,2.0,2024-06-02,2024-10-03,2024-04-19,3 Meadow Valley Court,54,45,Backordered,False,True,True,cc71d2336f97f369eef88e157e81e90a93bf89aab47d47e193931229b4843078
96-682-8546,Egg (Chicken),Dairy,03-882-3517,Kaymbo,70,29,24,0.2,2024-03-31,2024-10-26,2024-09-17,97 Walton Avenue,62,55,Backordered,False,True,True,41ae9fd067edceae7528e1b9a88697636ae5c5097c0ba9cb7ec772558f379bcc
92-837-8839,Vegetable Oil,Oils & Fats,95-484-3134,Yoveo,23,71,32,2.0,2024-04-14,2025-01-16,2024-08-18,95 Lerdahl Park,63,23,Discontinued,False,True,True,8a3cde1325d2892cc7e620ffe49cb94ea4ea8936a5ef1ac0679568eb49b2c183
68-732-5919,Jasmine Rice,Grains & Pulses,07-500-2023,Eimbee,26,83,24,4.75,2025-02-07,2024-10-29,2024-05-17,56 Bonner Point,75,12,Backordered,False,True,True,3525adfb0c74ab7cb6deba134bb6cfd2e861f98073237227dbea48be27c3629a
37-064-7275,Robusta Coffee,Beverages,63-522-2633,Skiptube,20,42,45,10.0,2024-03-22,2024-06-25,2024-09-22,149 Lawn Way,72,28,Discontinued,False,True,True,6bc53aa245f9ec33bd01699f3b70c710bb921f27086ebff04620623b55c8f6de
43-193-9915,Mozzarella Cheese,Dairy,23-931-2988,Roodel,55,58,6,7.2,2025-01-17,2024-07-12,2024-09-23,61 Transport Parkway,48,17,Discontinued,False,True,True,f5208d4c0c5204f5df78cb6cc7daee73339fca1fa43f8cb2a6e2cffbc8e19030
45-992-5653,Whole Wheat Flour,Grains & Pulses,22-050-5775,Jaxworks,82,67,67,2.75,2024-03-25,2024-07-07,2024-10-19,5 Fisk Point,26,1,Backordered,False,True,True,03d3ad43aa511a2e0a9f899a86b672726f653a84a4dd11d42b8139a52e98e38b
45-852-2446,Salmon,Seafood,37-567-5710,Fanoodle,73,12,28,15.0,2024-09-15,2024-06-08,2024-11-29,56 Petterle Circle,89,92,Active,False,True,True,0e41eb1ec95f345f0eee60d6874d379bd7ef122503e3581332536450baf7b1fa
57-394-4703,White Tea,Beverages,52-130-3457,Agivu,81,83,36,25.0,2024-10-26,2025-01-07,2024-10-16,38 Banding Lane,74,86,Backordered,False,True,True,bc953a0b46ccc8015a9331f658120bb6f383ded050852906732731623dcb7667
07-679-1199,Onion,Fruits & Vegetables,75-406-6250,Wikizz,20,65,61,2.0,2024-07-04,2024-07-10,2024-10-15,1991 Kropf Way,51,78,Active,False,True,True,a3c696e17bb59c0d9586c7905c29c3d29011fb13e81abe8fc6288ad1f1935f86
47-221-3391,Black Coffee,Beverages,21-450-5520,Digitube,78,38,27,15.0,2024-04-06,2024-07-09,2024-09-12,0023 Upham Road,54,42,Active,False,True,True,95e32e71fd4227cfd95ba62fd8ada02891b2e29dab0943d9263901f6f13e7454
80-698-0324,Butter Biscuit,Bakery,98-587-7923,Bluejam,84,58,28,6.0,2024-04-17,2025-02-04,2024-05-25,7 Duke Parkway,51,12,Active,False,True,True,14bf718892dbd576b9f2ab8d81a0ac1637fcacb747ecf63f06f1f2994d817253
36-383-3677,Corn Oil,Oils & Fats,88-020-6814,Centizu,32,38,23,2.5,2024-06-16,2024-05-29,2025-02-02,7 Anzinger Lane,52,11,Discontinued,False,True,True,d437ed4571600a04d86860af54dcc528bb32010b20ce8499d82340e2f0fc08b8
42-907-6946,Coconut Oil,Oils & Fats,32-386-9832,Bluejam,90,75,6,5.0,2024-07-06,2025-01-01,2024-08-31,093 Anhalt Crossing,55,64,Active,False,True,True,fdeb06d8fa1a0b77c06f88515fba811fb1e8b95ed242052fae3d5b0da114b53d
96-209-1739,Evaporated Milk,Dairy,82-930-7733,Miboo,70,81,75,2.0,2024-09-08,2024-02-27,2024-02-29,779 Ridgeway Street,24,54,Backordered,False,True,True,53b6dc8e23e2cad7247c474bda3f1aaca83072aba7af2cdc929f77e80ce72773
36-679-4670,Bell Pepper,Fruits & Vegetables,60-508-7567,Fatz,90,22,20,4.5,2024-06-30,2025-02-22,2025-01-13,5 Warner Court,81,88,Backordered,False,True,True,2075d9ac721e6a9b15463487ac71d01ff06a89f1a1d130ac08f3700997e2fd6a
08-637-9335,Lettuce,Fruits & Vegetables,99-178-0951,Meemm,100,7,14,2.0,2024-12-16,2024-03-06,2024-07-25,9 Cardinal Alley,26,33,Backordered,False,True,True,65a153af0cae8b43ef2d76fee8ee63283d477d1b8c53de93a77abc967056aefa
56-875-3717,Brown Rice,Grains & Pulses,39-257-6162,Youtags,89,54,15,2.5,2024-10-09,2024-08-01,2024-05-03,32 Cottonwood Pass,64,63,Active,False,True,True,31d87516eeb7f185aa7a271700274c5a100fcf0f712ce6322846558cb5bbe721
86-978-6666,Whole Wheat Flour,Grains & Pulses,43-979-2253,Dabjam,38,43,28,2.7,2024-10-01,2024-07-26,2024-09-15,21343 Brentwood Circle,34,54,Backordered,False,True,True,23bd1262e9ced2085bee1d8a5271a3adb7ec4efbc95778dc782d5af042adb076
41-475-5305,Rye Bread,Bakery,93-900-1170,Kwideo,61,20,29,3.0,2024-04-19,2024-03-13,2024-09-12,88 Hooker Parkway,71,97,Backordered,False,True,True,eaf9df78ca073dc65d025e524619931143b88db6a5cf3d5e1777e636b2ab3856
25-911-7736,Orange,Fruits & Vegetables,40-180-0752,Oba,75,48,25,3.0,2024-12-11,2024-08-17,2024-08-29,72090 Northfield Place,96,65,Backordered,False,True,True,7b5186374135392052727d0255aef92050a5f131f8b29173be2b41dfa7867147
28-433-8533,Multigrain Bread,Bakery,81-694-0300,Topicware,87,70,77,3.2,2024-05-08,2024-02-27,2025-02-02,8 Mayer Trail,73,44,Active,False,True,True,f6da8d375d556f860d2070263d578e1c65ead845a55e47c612c9d445cc527456
84-624-0201,Bread Flour,Grains & Pulses,25-769-3792,Skaboo,71,77,30,1.5,2024-07-17,2024-11-09,2025-01-20,9 Eastlawn Crossing,34,57,Backordered,False,True,True,0c03dc28883e23f17373215adabf636bc2e8f9288eb08c896aeecfc18ada121f
45-634-0679,Haddock,Seafood,29-542-9338,Rhybox,98,100,34,9.0,2024-10-13,2024-02-28,2024-08-27,9 Anhalt Trail,53,20,Active,False,True,True,15721251c0a6265a2935ca07b82794c75b0afe86f143eea1758dd58d101c2cbd
93-014-4256,Green Beans,Fruits & Vegetables,37-599-8579,BlogXS,19,92,41,2.0,2025-01-05,2025-01-11,2024-10-13,6 Bay Road,51,79,Active,False,True,True,cc5b14fa9f6165707a3c616938b81d5a9ddbcfb47df3bb84fc09ecde783be788
24-989-3302,Coconut,Fruits & Vegetables,89-159-0852,Eazzy,85,90,16,5.0,2024-05-25,2024-06-03,2024-07-30,736 Redwing Parkway,61,80,Backordered,False,True,True,b885d8d3039b98c72efd4de490a09d8cfe44493c29d94927cbf3cd425752977d
46-415-8633,Apple,Fruits & Vegetables,32-497-0478,Omba,71,36,45,3.5,2025-01-29,2024-11-17,2025-01-02,5 Eggendart Parkway,87,2,Backordered,False,True,True,058ac24950a3b996d3b328c7381e595026802a639cedaeec17d4c892c3c0b52b
73-117-6105,Brown Rice,Grains & Pulses,74-729-7466,Skipfire,44,48,77,2.5,2024-08-23,2024-09-17,2025-01-23,955 4th Road,67,79,Discontinued,False,True,True,f8715c61193c643d6e5efab90e3134ea293c2cdc12cd0ffb17dd640fff488cd2
53-710-7630,Rice Flour,Grains & Pulses,46-171-9624,Livetube,25,95,71,2.0,2024-06-25,2024-07-09,2025-01-14,996 Thierer Center,24,76,Backordered,False,True,True,b8d64dd2e6ac272e3532f12f29485258383aa9fbd1f757eb3d6ff8133eb2115d
10-617-7581,Peanut Oil,Oils & Fats,86-995-7254,Devpulse,24,14,5,4.0,2024-06-20,2024-03-30,2024-06-17,0 Lawn Parkway,98,9,Active,False,True,True,da9ee9e02d18b195ff536f6bed5626b1d141ebdc69f2b66cef86e7a4e808c9fd
66-312-5511,Anchovies,Seafood,99-553-6838,Skipfire,44,97,76,10.0,2024-05-27,2024-04-10,2024-12-15,959 Dorton Pass,80,33,Discontinued,False,True,True,d674ea7ecd141f744dd3db8b30ccde25c3dcfb8aed7d7a430dfebfe14efab043
87-423-8486,Powdered Sugar,Grains & Pulses,12-947-4739,Mybuzz,63,4,46,2.5,2024-08-17,2024-03-21,2024-03-09,5 Homewood Street,40,69,Discontinued,False,True,True,fbce6db87790022a6a7e3e1bca42030e53e538cc2343873b786ad42a9d6466a8
64-493-5270,Palm Oil,Oils & Fats,36-964-9838,Dynabox,69,59,29,1.8,2024-10-30,2024-05-23,2024-05-22,4571 Fremont Way,63,91,Active,False,True,True,cc6b59782b2dfaf9cec540196337d26d39e1a1804e586a0161119b864f7fd936
31-255-9616,Tuna,Seafood,11-031-9939,Centimia,88,71,9,18.0,2024-03-14,2024-12-28,2024-03-16,9440 Coleman Drive,28,14,Backordered,False,True,True,5f9e137703a4a9b0f5a14939f56046a686b258429652a060e97214a45ec50a83
26-799-3714,Robusta Coffee,Beverages,50-877-0990,Mymm,74,2,45,10.0,2024-02-29,2025-02-03,2024-04-06,49225 Homewood Place,37,99,Active,False,True,True,8b1934f31a93d405369a2e98e68fb7bb7ff7506917e653bc5435a8c1c0b17a5d
64-119-7804,Bell Pepper,Fruits & Vegetables,53-497-9614,Jaxbean,98,43,9,4.5,2024-06-25,2024-03-06,2024-12-29,06584 Mendota Avenue,86,62,Backordered,False,True,True,df7d670a38a9b96ff7485b9bb303d2ecac7110c82550591643b1983961556db9
74-181-4135,Egg (Chicken),Dairy,00-487-2428,Meembee,22,19,4,0.2,2024-04-18,2024-03-17,2024-09-17,79878 Katie Trail,88,24,Discontinued,False,True,True,b130c495af1703b396cff5f5fa7b135a842e646e8d07d1a67d08fd13a36bc506
34-369-7712,Apricot,Fruits & Vegetables,95-241-9348,Fivebridge,55,96,40,5.0,2024-05-16,2024-05-11,2024-06-06,0 Lerdahl Parkway,23,47,Discontinued,False,True,True,cda22f8bb609fe54414fbfe4222996c2a9ab71932beb79e6116186c0bbdc5552
31-157-1822,Ricotta Cheese,Dairy,53-998-1422,Kwideo,96,80,20,6.1,2024-12-19,2024-07-30,2025-01-28,803 Cottonwood Crossing,94,49,Discontinued,False,True,True,43c961f56eeec9e9a5ad5196f55f8f2850ff0562dbca96edf230015184324b77
27-459-0724,Feta Cheese,Dairy,45-331-8563,Quaxo,91,7,64,7.0,2024-11-09,2024-08-12,2025-02-24,4 Duke Way,32,65,Discontinued,False,True,True,6c1a479a5bfcddd01c2e1a78a65554ddbc775a673b2b49bdb61939667f47928f
47-441-7682,Digestive Biscuit,Bakery,90-998-1236,Vimbo,40,91,24,4.0,2024-07-29,2024-12-12,2024-11-30,4247 David Crossing,28,47,Discontinued,False,True,True,979ae6b0d4e6f75435367cf60370dda30236c28b41c5eda9177186b789a0dc1b
32-676-1026,Salmon,Seafood,98-155-9583,Buzzshare,52,46,12,15.0,2024-12-18,2024-06-04,2024-04-16,9433 Jenna Lane,43,34,Backordered,False,True,True,08db98ce66bd179b5a85d391ecf1684478138f5e8cc14f8a197438a65e206f9d
77-959-1018,Lettuce,Fruits & Vegetables,00-912-3545,Gigabox,22,22,65,2.0,2025-01-15,2024-04-30,2024-06-12,03 Ryan Circle,62,78,Backordered,False,True,True,adce91361aa1d61a3c6654fee111c55ac376b89b299e9318395c33d5e80a7720
60-911-3745,Black Rice,Grains & Pulses,87-570-0273,Blognation,98,41,98,6.35,2025-01-05,2024-08-31,2025-01-18,75054 Ramsey Parkway,70,75,Backordered,False,True,True,da75e2da3bb5b426db9da2a6d0a79e825e4e9776fa8a89230c42995052f5db88
57-101-0060,Whole Wheat Flour,Grains & Pulses,40-070-5881,Topicstorm,59,73,86,2.75,2025-02-13,2025-01-01,2024-09-11,78919 East Crossing,32,56,Backordered,False,True,True,f8394b00029e19ce700393857e5e5283544d170720381361f44b375c2c3570ac
54-758-4622,Chocolate Biscuit,Bakery,94-903-2643,Devcast,99,3,79,5.0,2024-06-05,2025-01-16,2024-11-21,865 Eagle Crest Park,65,16,Backordered,False,True,True,1b1003c9f1484a01d8801c153add982b4512d64aeb581cdde550bd9d73ed9d39
92-152-5820,Black Tea,Beverages,50-747-2259,Jaloo,18,36,53,5.3,2024-05-12,2024-05-01,2024-06-24,0920 Monica Pass,65,100,Active,False,True,True,918e3284b5fd360518828852f4cc398157ddcb151ea7cc6da59870bf08c7db87
44-637-5512,Watermelon,Fruits & Vegetables,27-541-2645,Jaxspan,58,12,99,3.0,2025-01-22,2025-01-12,2024-05-26,00064 Mosinee Circle,71,30,Active,False,True,True,20f216020125648e8dacc69b619c065605ee07c280bbe1af7a1c5e944fb593fd
65-854-9364,Black Rice,Grains & Pulses,64-800-4141,BlogXS,30,34,96,6.3,2024-11-04,2024-12-19,2024-04-22,752 Mccormick Way,61,13,Backordered,False,True,True,a9d130c4f832fc595126799793e59bbc99e87f792701dafcb58fc30d09337676
60-747-8704,Papaya,Fruits & Vegetables,93-793-4398,Twitterwire,97,97,71,4.5,2024-07-12,2024-09-29,2024-08-22,561 Pennsylvania Way,53,31,Active,False,True,True,8a985029a5f912726df6c820d32a39c4c8f4c84e890e353b97a6227a605410f6
85-835-3445,Egg (Goose),Dairy,13-433-4930,Gigashots,50,93,37,2.45,2025-01-11,2024-03-02,2024-05-12,288 Fair Oaks Place,78,79,Backordered,False,True,True,7a5f25cbdd84b08a5f7a5a097ad061cb1fcd26eb45bce950125689109c5dbeaf
66-716-8221,Cheddar Cheese,Dairy,67-024-9832,LiveZ,70,96,35,9.0,2025-02-08,2024-06-24,2025-01-17,54 Weeping Birch Lane,63,84,Backordered,False,True,True,91faa0bc241d6e342ee8b2b24eea0fc8d5549dc58f2019dc010c3a71086890d3
01-026-2772,Blueberries,Fruits & Vegetables,20-532-0144,Buzzbean,40,61,47,10.0,2024-08-28,2024-06-11,2024-05-27,3 Bunting Point,76,10,Discontinued,False,True,True,eca57bc983fa5c85fbfbbd97df7ea3e8fd73abd9c99880b86acd3734ca9d8906
21-252-1360,Corn Oil,Oils & Fats,28-314-1189,Shuffletag,75,23,34,2.5,2024-06-22,2024-09-04,2024-07-04,32 Charing Cross Pass,100,54,Backordered,False,True,True,2221c9be2193fefbe63932c99639dc07a8a423de7b40f11c368f7640cc7a2853
80-039-1261,Strawberries,Fruits & Vegetables,37-994-7932,Skimia,26,97,12,6.0,2024-09-25,2024-11-28,2024-06-12,1 Havey Park,94,58,Discontinued,False,True,True,88fb76465209bb764786e377ba84c401dd746b802934ccfe81a7f164a120fe4a
48-427-0551,Arabica Coffee,Beverages,01-900-4509,Jetpulse,13,55,77,20.0,2024-10-17,2024-12-16,2024-11-03,2 7th Center,67,68,Backordered,False,True,True,7576260feb16545f4ea70fcb047ac3262e63e95781b1064574e68c3237c682c1
02-575-1980,Plum,Fruits & Vegetables,61-100-8296,Yambee,11,58,32,4.0,2024-02-28,2024-07-09,2024-11-24,34832 Autumn Leaf Terrace,99,94,Active,False,True,True,c4ba1cc33e166938f74377e2c725eeee601b476fbc676e5d362a8ed37ab4d62f
61-293-6327,Salmon,Seafood,00-023-7719,Kamba,98,67,49,15.0,2024-08-09,2024-12-29,2024-04-04,4353 Dixon Circle,21,61,Active,False,True,True,e5a252ca86e7e585f1680ca8ccd291cb12537811a1ee8ed561cad0e2a2246dd8
08-519-5579,Broccoli,Fruits & Vegetables,32-178-2765,Abatz,35,4,76,4.0,2024-08-09,2024-08-22,2024-08-16,89 Karstens Alley,90,30,Discontinued,False,True,True,8a0591e724621045f740c58d385566fec47a2e9a8617cb84da852fe016fd5719
33-670-6797,Mackerel,Seafood,74-032-7560,Wikido,45,56,64,7.5,2024-07-14,2024-08-26,2024-07-05,2869 Hudson Drive,35,82,Discontinued,False,True,True,541cfbab187b5be494c031633c83dba1e97bbd71b0fe416d52d8a231ed84d0b2
29-741-8132,Kale,Fruits & Vegetables,49-384-4540,Blogpad,47,22,69,4.0,2024-03-02,2024-07-14,2024-06-03,85 Farwell Parkway,26,59,Backordered,False,True,True,90457a9e89f978b1aed32e42fb93b22f9c6a4af8f6aa102276237f7044ce079d
89-713-6071,Sesame Oil,Oils & Fats,84-123-7159,Tazz,89,66,28,6.5,2025-01-13,2024-11-19,2024-11-25,60 Dottie Hill,39,25,Active,False,True,True,91da3b9970d973262e8fecde9b717ec178d6091fcf25d90891a86d7eead40686
00-641-8691,Black Coffee,Beverages,34-824-0575,Brainverse,33,22,94,15.0,2024-11-28,2024-09-24,2024-08-30,797 Mcbride Lane,96,56,Discontinued,False,True,True,3941e0179ca0c98d4b8a83132dbd543cb95de81a06b7694d43ae77ae31ed5478
68-977-6854,Apricot,Fruits & Vegetables,73-830-9633,Blognation,90,30,42,5.0,2024-08-19,2024-07-29,2024-03-02,2633 Shasta Alley,76,69,Backordered,False,True,True,b03b31a5ebcfe267dfdf4b0c8dedbf4d5f8ac5dcc38232d51d982c7d16a4f3db
86-257-4613,Jasmine Rice,Grains & Pulses,70-402-4816,Kwilith,44,26,60,4.75,2024-03-15,2024-08-23,2024-08-05,5 Prentice Pass,63,59,Discontinued,False,True,True,6766cbac7730a3d94e0bb3c7bae3e8a94291d537eb7192fc4931a909a72b4511
06-340-6856,Wild Rice,Grains & Pulses,11-005-7835,Podcat,41,56,12,9.75,2024-05-06,2024-11-25,2024-02-29,84 Rusk Terrace,93,88,Active,False,True,True,820c2a200b427e4180fa5548e91a5cfd2808c8109c86f24b826da61016c91fcc
11-338-4598,Potato,Fruits & Vegetables,72-360-6358,Centimia,72,58,69,1.2,2024-10-16,2025-02-03,2025-02-23,9067 Valley Edge Park,96,23,Backordered,False,True,True,559a90b5d0e6d64a71d059b2c203f5ef46854ea34e577aa5ea925ff87fcf67a3
82-711-0772,Egg (Goose),Dairy,78-877-1866,Skyble,72,58,52,2.4,2025-02-15,2024-05-16,2024-10-23,463 Oxford Crossing,36,14,Active,False,True,True,a8badd437b002b66e889e8996d89e25dc8946a0228459f04c5bbfd304ef132bf
05-184-4175,Black Coffee,Beverages,31-676-5646,Skyndu,40,30,60,15.0,2024-09-05,2024-10-23,2024-05-03,57 Di Loreto Circle,33,84,Active,False,True,True,e5dab94efae234f1ebe93bd98d5545ba7742fb143bba33929d281b20bd14198e
17-274-6898,Whole Wheat Bread,Bakery,34-738-1209,Photobug,36,53,92,3.5,2024-07-07,2024-06-01,2024-03-22,657 Texas Street,67,43,Backordered,False,True,True,b83bf3561c1bbbadb99c629cae6e82e7802a42f3fdd32538ff8c8a5ac498586c
79-569-8856,Vegetable Oil,Oils & Fats,04-854-7165,Digitube,51,87,86,2.0,2024-04-01,2024-05-19,2024-06-11,03643 Oakridge Lane,24,83,Backordered,False,True,True,0aa1d862f5f4ab97e8448641ea8426a43898dcd51b418cea499b6257688758ee
00-534-9775,Black Coffee,Beverages,79-955-6260,Tagpad,87,91,23,14.9,2024-12-29,2024-05-23,2024-08-17,68 Dakota Center,90,75,Backordered,False,True,True,67bb9d734a6a7c84eab14773659ca1d2d01e7c6367418afbdb41d7e55c6db8bd
94-071-2261,Pear,Fruits & Vegetables,25-706-2146,Roodel,79,37,98,4.5,2024-09-01,2024-03-02,2024-03-30,2004 Cody Plaza,33,20,Discontinued,False,True,True,54daf4ecd6b7d09e006d01acc9f9825bc17bf665dccc7eac28a10784bd65ea20
94-355-3070,Tilapia,Seafood,73-393-9432,Jabbercube,14,52,80,6.8,2024-07-26,2024-07-13,2024-07-23,116 Spaight Park,64,17,Discontinued,False,True,True,eec129f11aff34e608aae1cbb081403b937b7146be791a7d3e8413a1f12ea1f2
17-265-1899,Orange,Fruits & Vegetables,61-793-0279,Demimbu,81,35,82,3.0,2024-12-30,2024-03-25,2025-02-10,4826 Drewry Center,86,71,Backordered,False,True,True,5beaa39f78ea65112ffb6836e76fa13f826bc8f2ac3c9fbfeff1f5a81afad333
13-888-0149,Lime,Fruits & Vegetables,09-902-6272,Shufflebeat,75,18,65,2.0,2025-02-17,2024-12-30,2024-03-15,1 Logan Road,32,92,Active,False,True,True,f13162639c9ddcda37d16674b0f95464ec7cb97c903da22691f31b55282a3392
21-890-2826,Gouda Cheese,Dairy,32-371-1686,Avaveo,48,12,62,7.0,2024-06-15,2024-05-04,2024-09-19,84 Hoffman Way,59,23,Active,False,True,True,e104fb5eb3e0c4cd342adf6f8974fa888b5590bae88dafbc7fa68696e3845db0
05-425-0746,Onion,Fruits & Vegetables,23-450-0301,Gabspot,50,68,90,2.0,2024-12-12,2024-05-09,2024-06-05,49884 Brickson Park Plaza,40,13,Discontinued,False,True,True,f8782b8d53aa7d4e4c06ace22a60a0273f52a9fde20781003724285a33b0ac50
88-807-8431,Haddock,Seafood,66-563-9462,Eire,11,87,43,9.0,2025-01-02,2024-06-06,2025-02-09,2 Russell Alley,86,91,Active,False,True,True,15fc55316eeb64b4ece47643fdeb6fc151af4e0b203933acafea45f2242e77d0
77-377-1659,Almond Flour,Grains & Pulses,64-674-3902,Thoughtblab,74,22,91,9.5,2024-08-25,2025-01-22,2024-06-19,6 Acker Street,24,12,Active,False,True,True,d39d5a6fb8229e01558b100d004179522f0b10844bbba2dd89ade0d3e37a6b92
92-362-3567,Tomato,Fruits & Vegetables,40-056-7748,Fivebridge,11,10,60,2.5,2024-10-10,2024-05-06,2024-12-25,826 Melvin Pass,93,53,Discontinued,False,True,True,bf8348ace4f5f37d0ee4f2f4ea80d03f5a2faec30a35c5550646dd75996e833b
99-961-0767,Heavy Cream,Dairy,78-954-5649,Tambee,85,15,30,4.0,2024-04-16,2024-10-25,2024-12-06,40113 Blaine Place,95,63,Active,False,True,True,81f87d42ed75e7e77aacb8ade7000746635be42c4490f6a9dd5dce45adab7aa9
94-092-3355,Cauliflower,Fruits & Vegetables,76-641-2070,Flashspan,57,43,46,2.5,2024-06-13,2024-12-01,2024-08-04,929 Thierer Lane,87,88,Discontinued,False,True,True,e82fe4bd90cf28764f5fa827c6b5ef61b6a193413a0af3e43ec8ea04a7684aac
29-344-3658,Lime,Fruits & Vegetables,33-546-5056,Yata,75,56,57,1.9,2024-10-27,2024-10-25,2024-09-19,7 Talmadge Street,63,64,Discontinued,False,True,True,14fd554c7a68e95f2ec26f52449d9b61fedf2f1fd57fae493e54e0be4280dd5a
60-327-4114,Egg (Turkey),Dairy,59-968-8346,Katz,63,7,23,2.35,2024-09-07,2024-11-22,2024-10-17,3 Bellgrove Way,78,100,Active,False,True,True,488c60b4b72e5a88bbc54651b26d738fb8dbc281ee29e44402c6ab60f28cc83e
13-409-9040,White Tea,Beverages,34-303-5097,Jazzy,35,20,42,25.25,2024-06-30,2024-08-05,2025-01-08,9623 Cottonwood Park,53,56,Discontinued,False,True,True,a9d1b8c39a063bdd25fddef1cdff886604872f433286eab6a4586d8a574c8171
75-927-9108,Cabbage,Fruits & Vegetables,27-406-7972,Topdrive,24,32,17,1.0,2024-09-29,2024-06-17,2024-07-02,43 Washington Street,55,72,Discontinued,False,True,True,7d32458181a847a9666b1a0d09d782273f6bb725aeb81851236070113bbeeded
30-806-3823,Jasmine Rice,Grains & Pulses,36-451-3173,Topicware,53,26,3,4.75,2024-03-02,2024-07-04,2024-03-06,07 Pankratz Point,100,94,Active,False,True,True,a1523fda64306bd84554782a6b40f8f567d602e3e47d9afdd46f6957f24b7b32
65-780-5622,Butter Biscuit,Bakery,69-460-9770,InnoZ,74,81,41,6.0,2025-02-05,2024-05-02,2024-05-27,65 Forster Way,51,67,Active,False,True,True,e365726ae9a05df5acbc09e580253f8d1d6a23a6cf402e6cd1087c621855cbe6
94-598-3383,Brown Rice,Grains & Pulses,39-488-0039,Viva,79,38,67,2.5,2024-07-05,2024-10-08,2024-09-01,7403 Fuller Hill,43,93,Discontinued,False,True,True,50ce425a97f81bd3dc1bbdd6558ee7cdda2782198483521e9012c6690969b05b
45-250-4679,Bread Flour,Grains & Pulses,80-328-4990,Dazzlesphere,54,78,81,1.5,2024-05-02,2024-11-23,2024-07-05,49148 Meadow Ridge Way,41,63,Backordered,False,True,True,555c0ee9f939f150dc205d8bb2c7604cab2d61453f90e1533f371661e4e03374
45-317-9731,Palm Oil,Oils & Fats,05-779-0378,Wordware,44,83,78,1.8,2024-07-08,2025-01-07,2024-08-20,70156 7th Junction,46,4,Discontinued,False,True,True,4ac6f7b99290bfb9bbf41638d285bb4c03f446ebb8b94b9c7b7c52832b52cc50
41-131-3841,Almond Flour,Grains & Pulses,55-269-1746,Camido,77,19,31,9.5,2024-10-29,2025-01-23,2024-03-20,16 Fair Oaks Pass,27,25,Backordered,False,True,True,dee0c7f8903578872d583914f3a6db064bcecf90a9b0d4da4f4e9090b2a3f008
15-905-7750,Apricot,Fruits & Vegetables,48-176-1622,Skinix,42,61,52,5.0,2024-12-02,2025-01-31,2024-09-29,36687 Maple Avenue,86,99,Backordered,False,True,True,3a13c90caad7e1d5dc3b3cb79c37b637520676ed6fa03ac6d3f211ccaf9dd062
68-973-8812,Sweet Potato,Fruits & Vegetables,31-955-7362,Yodo,44,77,45,2.0,2024-07-27,2024-06-22,2024-05-24,55 Cherokee Circle,89,64,Discontinued,False,True,True,1967eae51a10fa5f3a431ff55a3ea98c7ab372a329d56784371076e2da7d497c
49-570-8214,Sour Cream,Dairy,17-345-5800,Realblab,81,76,10,4.0,2024-05-13,2024-05-27,2024-12-18,1823 Elgar Park,68,100,Backordered,False,True,True,7955313b6e11286ed9dee8bb0740ea48ca3e54609551120d4c299b13d9879e93
57-779-4955,Black Rice,Grains & Pulses,84-869-9980,Zazio,92,48,22,6.25,2024-11-29,2024-12-01,2025-01-20,38436 Anthes Way,38,61,Backordered,False,True,True,3bcb445af94bbf23d350b36de09336d645a3aa52063d472a1554d08f608a335a
85-781-5386,Salmon,Seafood,89-439-6947,Avavee,78,68,86,15.0,2024-03-25,2024-03-20,2024-12-28,10577 Thierer Plaza,47,95,Discontinued,False,True,True,83a506475f2828d69d4967d96c1ce9a603d69691b15b48fa46f6f189ab558e88
72-341-1154,Heavy Cream,Dairy,84-090-6472,Yodo,85,66,85,4.2,2025-01-06,2024-10-31,2024-09-09,8682 Golf Course Junction,65,58,Discontinued,False,True,True,1cd99be9954678826c26a82c6e904edac37dba3c56e0a41fa027e8da1b0090a0
28-986-8001,Pomegranate,Fruits & Vegetables,37-281-2537,Kwideo,65,69,4,6.0,2024-08-14,2024-06-15,2024-10-13,4 Old Shore Avenue,80,26,Active,False,True,True,c08b8c7661e3214b4473a62d56d78b0b5b401258875f0cd55991054e811dedbc
82-811-7988,Olive Oil,Oils & Fats,41-772-9238,Realmix,36,3,54,6.0,2024-03-03,2024-06-13,2024-12-13,65 Chinook Circle,74,8,Discontinued,False,True,True,59db6381b79d3bbe3bc839b147dc4b0774415ceffe8d5bc4d6adb07bc097be51
27-495-1912,Potato,Fruits & Vegetables,34-667-8907,Thoughtbridge,26,63,88,1.2,2024-05-09,2024-02-29,2024-05-24,12710 Gulseth Circle,84,70,Active,False,True,True,612bd184ef7f8e19410e1cbc80d37d26e8b0241b8f3182a5a0c1ae0e2f2a2a98
44-480-9446,Sunflower Oil,Oils & Fats,35-000-6015,Aibox,39,13,13,2.5,2024-09-13,2025-02-19,2024-03-14,43591 East Road,84,93,Active,False,True,True,2cf47da3803862df70b1ec28a8d8756ebc7e6e736d863852ec508761a1fb496f
77-937-1108,White Sugar,Grains & Pulses,41-007-0132,Twimm,39,83,21,2.0,2024-12-31,2024-04-23,2024-04-12,01 Hansons Crossing,73,88,Active,False,True,True,d90231eca6cf0a4393235a29b11efdcf5e1697dcebb1ed9ffea025a50e60dd1d
82-538-4809,Cabbage,Fruits & Vegetables,74-357-2990,Twitternation,83,61,4,1.0,2024-09-16,2024-11-05,2024-10-24,700 Northland Crossing,35,7,Backordered,False,True,True,5f5280ec8916a3c2596ccc16261a8d1334aea4f27a1ec4b8c4581267b31539f5
69-895-3397,Cucumber,Fruits & Vegetables,02-575-2074,Yabox,28,5,9,1.8,2025-01-16,2025-01-16,2024-03-04,98 Melody Street,33,9,Discontinued,False,True,True,eaae872ffa8354643e2137c032b5c4b14b7978310bcab9977786b9f8382d1730
44-112-3331,Tuna,Seafood,90-453-4096,Realmix,85,17,96,18.0,2024-11-05,2024-07-02,2024-04-08,63787 Arkansas Street,92,34,Discontinued,False,True,True,e6077e871b5687e7ef7b0ce1f0c2974b8ca363aa20bc56aa0ebae28fd37ca3ff
93-682-2069,Lime,Fruits & Vegetables,60-038-7810,Roomm,76,39,15,2.0,2024-12-06,2024-06-23,2024-08-16,2718 Londonderry Plaza,77,70,Backordered,False,True,True,19c58dcbb0d74de270ac6805ecaf5d62cdf6b971d21e0394bcc26313dc796b7a
49-199-6836,Tomato,Fruits & Vegetables,81-999-7392,Thoughtbeat,100,64,62,2.5,2024-12-15,2024-12-30,2024-08-24,77 Brown Circle,84,44,Discontinued,False,True,True,ec9a0b138fbeed2c31964cc4e4a65f153f1dbb64225e6048c9becb0587e5014e
47-221-2470,Pomegranate,Fruits & Vegetables,30-780-7583,Teklist,17,45,44,6.0,2024-07-25,2024-04-03,2024-10-10,60 Messerschmidt Pass,37,16,Active,False,True,True,a955d8d328f7c2392b091382f3a9912d6415fdc1cb6c0f80275240dc217468c8
71-067-3278,Anchovies,Seafood,76-797-9430,Twitterbridge,51,35,95,10.0,2024-10-22,2024-05-08,2024-08-16,5521 Wayridge Center,80,89,Backordered,False,True,True,2430dcb0cd2a997af5faa36451d65248e3e0d6667ff7ee4a0b6ef6176125e1bc
89-388-3239,Grapes,Fruits & Vegetables,28-521-7083,Centizu,54,88,43,5.5,2025-02-12,2024-05-24,2024-04-19,4346 Columbus Way,81,77,Backordered,False,True,True,cdff9e64c56dc901fef81685f140f90f7f50c46580160a8b503ce9c1bb0bcc3a
10-555-5971,Sourdough Bread,Bakery,30-410-3509,Gigashots,94,56,80,4.0,2025-01-04,2024-12-02,2024-09-27,8425 New Castle Parkway,47,96,Backordered,False,True,True,bcdb58657bb2d475a274bc22afbe754df83fcd26c18c7be24194bffb658baab6
82-931-7126,Asparagus,Fruits & Vegetables,67-596-1997,Vitz,34,95,18,5.0,2024-10-14,2024-10-17,2024-05-12,856 School Plaza,41,26,Discontinued,False,True,True,5e218adee37f08ead4ee65b1345917363946cfda578471be6f4ff6e6689df783
24-228-6840,Herbal Tea,Beverages,26-280-5472,Myworks,27,1,3,30.0,2024-04-16,2024-08-09,2024-11-28,68241 Hanson Circle,34,63,Backordered,False,True,True,312f362c00d4f686e33d237b566af3389ed4c639584630cb16dd76320749f15d
52-392-5312,All-Purpose Flour,Grains & Pulses,78-092-4768,Pixonyx,50,42,20,1.75,2024-11-06,2025-02-19,2024-07-24,336 Old Shore Lane,87,59,Active,False,True,True,f2bcbb70db7a6af2a1c34c018c464b275a62ae5d645a9a20fbd3ab296a7b63a0
36-531-4087,Almond Flour,Grains & Pulses,83-172-5527,Skaboo,85,12,94,9.5,2024-03-24,2024-10-25,2024-03-14,2 Columbus Drive,26,32,Discontinued,False,True,True,39610a5c3fdf5c0a480b74292492ac7fca67e11a01046063e718baad0c598bc9
39-810-2042,Rice Flour,Grains & Pulses,65-620-9866,Quatz,24,2,49,2.0,2024-06-02,2025-01-25,2024-09-05,47817 Oneill Park,98,82,Active,False,True,True,8b999443498e233ff81bc757c49b058d85e15ae21a9c51cd40e35b6d378e3ecc
55-164-7723,Halibut,Seafood,85-454-9252,Gevee,82,31,86,20.0,2024-04-10,2024-05-17,2025-01-08,6410 Northwestern Pass,66,74,Active,False,True,True,bda4d3f6bd6f39438823a44e7e7375325d1a609657c78c32df41a43287054062
61-680-9496,Apple,Fruits & Vegetables,75-448-1356,Wikido,17,14,17,3.5,2024-03-24,2024-10-05,2024-04-14,2 Northridge Street,36,64,Discontinued,False,True,True,367520d74dcccb723d1b576cd95fd2b669604689914aa438a1ac9455835a5eb2
24-143-4957,Canola Oil,Oils & Fats,29-968-4976,Katz,25,97,63,2.3,2024-10-22,2024-06-22,2024-08-15,685 Independence Junction,72,23,Discontinued,False,True,True,8486e12abf786f82c45bf433e766c3028e6083cc4bda27cfbf99f2b177aa750b
26-456-1992,Tilapia,Seafood,60-159-3514,Geba,56,59,87,7.0,2025-01-26,2024-12-23,2024-07-29,1792 Crownhardt Street,65,45,Active,False,True,True,db13ea5216331b9310f848789bb9a547c5306184c0f09659a2dfbd56ccfec49e
62-998-7250,Evaporated Milk,Dairy,72-002-3904,Photobug,72,3,10,2.0,2025-01-18,2024-07-31,2024-10-05,9171 Redwing Street,52,14,Backordered,False,True,True,52e3cc59eb98e2075c79b3e62ef5426dff1528225185c244c5c0151964fc7a74
38-617-7226,Mushrooms,Fruits & Vegetables,91-215-9838,Bluezoom,65,42,62,6.3,2024-10-24,2024-06-19,2024-07-13,33145 Butterfield Avenue,54,2,Active,False,True,True,8f6c115067d2f5c9f8d513ecfba3898dc10d43eae5727411c484ab5361bddfdc
00-366-9496,Grapes,Fruits & Vegetables,40-515-1141,Kimia,30,66,28,5.5,2024-08-09,2025-02-08,2024-12-28,898 Rowland Trail,63,98,Active,False,True,True,89df6b9b291e5d18e2490043b41fd8438b045860d166cb24ed13bedd796ad37a
76-027-4850,Onion,Fruits & Vegetables,75-256-5638,Tavu,39,37,48,2.0,2024-11-27,2024-08-26,2024-06-24,425 Shasta Terrace,25,19,Active,False,True,True,ff96842e0f7fae177d2a030bfad8e47ddb3ab9892ec99872499ab8554022dd5f
27-269-5260,Pineapple,Fruits & Vegetables,54-724-8610,Rhyloo,14,81,65,3.5,2024-11-17,2024-03-15,2024-10-22,1661 Springview Terrace,74,84,Active,False,True,True,2e38851773f66dc4cfda0e637a26b52139fe119ab151125687209fd57e5b9f1f
40-126-0515,Carrot,Fruits & Vegetables,78-379-0369,Gigashots,74,37,57,1.5,2025-02-14,2024-03-04,2024-12-18,28351 Cascade Plaza,91,18,Active,False,True,True,acf3cd5e724adca995f4f4f583191a0a3553775164d02a74a87cc0d28aede5ca
31-387-5020,Parmesan Cheese,Dairy,02-811-7933,Buzzbean,63,41,98,11.9,2024-10-22,2024-12-17,2024-08-14,854 Kipling Point,37,7,Active,False,True,True,ed65de6bd9a84dcfca9489acb4dad41a57a8b3e52744d284509593ec4efcfec2
13-673-7016,Peach,Fruits & Vegetables,78-726-6352,Youfeed,47,67,57,4.0,2024-12-04,2024-07-22,2025-02-23,04 Hagan Crossing,36,48,Backordered,False,True,True,450afa12ac612d292415d9c7564eedb0de29e9d7e1e15e76cfe00291949f77a2
85-212-2729,Egg (Turkey),Dairy,58-226-6435,Browsecat,42,94,79,2.5,2024-12-17,2024-12-21,2024-05-16,93 Longview Junction,61,92,Backordered,False,True,True,e1016e87600f8ee9d02e457e056ecc41fa77192e04df21f8d3231e8dbc71f987
99-048-8310,Tomato,Fruits & Vegetables,70-453-8646,Demimbu,32,49,73,2.5,2024-07-06,2024-04-22,2024-05-27,43 Lakewood Junction,80,36,Discontinued,False,True,True,df146c6d5c9c0b6a1bdc51a4e77dfb8ea3a28f43e9e3c11781aa8a7436f75a70
19-112-1616,Lettuce,Fruits & Vegetables,55-251-3001,Quamba,88,56,72,2.0,2025-01-12,2024-04-12,2024-06-28,7698 Logan Drive,25,36,Active,False,True,True,b8fe447acbafc06ebbafb3c463c5826530bacb6d62ee1cff67d594017610bccb
98-546-7398,Yogurt,Dairy,37-921-2953,Thoughtworks,80,69,71,1.75,2024-08-27,2024-05-03,2024-04-17,15658 Talisman Lane,41,43,Backordered,False,True,True,ec3f9b72f58499158c07bc17188bc565e06a968768cb4daf09ea9cb81fa2e2ab
63-874-9747,Orange,Fruits & Vegetables,22-506-4911,Oloo,36,59,90,3.0,2024-07-08,2024-12-09,2024-11-11,183 Buell Park,25,60,Discontinued,False,True,True,447dbbd02ccb343b3d2f9a3aa13f0cb70642ad9315551aefbdd151a4c389ddd2
58-946-5152,Bread Flour,Grains & Pulses,42-201-4328,Avaveo,11,77,7,1.5,2024-10-26,2024-11-05,2024-07-10,06 Lake View Trail,77,46,Backordered,False,True,True,16e26fd93a094ff3477b38ce0e76bd2d2980309d9e3cb2fe7a97abdae21a3de8
65-867-4029,Peach,Fruits & Vegetables,70-591-9841,Livepath,40,83,50,4.0,2024-06-05,2024-09-03,2024-06-16,36124 Carberry Junction,92,50,Active,False,True,True,16f4c169ff57d81229ebb7b9178fadba2205ac283b8e19301fdd29f52f6cfc45
89-328-9019,Bread Flour,Grains & Pulses,63-057-0462,Jazzy,63,43,8,1.5,2024-08-20,2024-04-20,2024-12-08,33774 Carberry Circle,55,72,Active,False,True,True,61e0da0b5a3c8c054e852a67eadda1b3fc5980ee84732b4d8324b59dba5f717c
02-170-5225,Raw Sugar,Grains & Pulses,90-940-9550,Eabox,90,75,43,1.5,2024-05-28,2024-09-18,2025-02-23,36 Bobwhite Parkway,80,57,Discontinued,False,True,True,d6e826589097bd9d89dd0d300ec7723faa628d3570e2397bf27973089071e543
24-478-8277,Multigrain Bread,Bakery,64-070-7611,Bubblebox,47,26,40,3.25,2024-12-13,2025-01-12,2024-11-26,55276 Golf Hill,30,72,Active,False,True,True,b91477c5d4fdcf8a308f61fba084583ba0a2aaefa4459753c82038a22c4c0528
91-290-9062,Digestive Biscuit,Bakery,95-609-1485,Zoonder,29,2,84,4.0,2024-03-21,2024-04-19,2024-09-25,9821 Novick Hill,80,85,Backordered,False,True,True,b26f22364fd31e5871b06e3e8cfa105e90640e1f32dba83a7556e28d7fd4e802
44-546-5713,Peach,Fruits & Vegetables,61-382-5182,Blogpad,94,69,68,4.0,2024-07-08,2025-01-16,2025-02-13,832 Goodland Alley,24,20,Discontinued,False,True,True,037a8b9e28aac5c41bdd436f9bf1a966ab9168a094bae16289c7f14909f2e202
20-031-0532,Mango,Fruits & Vegetables,35-835-8848,Oyoloo,32,63,92,4.9,2024-11-17,2024-07-25,2024-11-09,8239 Laurel Way,84,34,Discontinued,False,True,True,f6b1664bb7f22f040e5ecd9683c1faddbc5a4406614f6a06ef70bb349e35252f
48-242-8445,Plum,Fruits & Vegetables,84-941-3034,Mybuzz,40,3,5,4.0,2024-03-04,2024-06-15,2024-06-24,29 Vera Drive,45,69,Discontinued,False,True,True,d8c034e2b0635c5270800ed3f9891e13a558fbf319fa4dcb2819eb8590cf4379
33-378-1365,Egg (Goose),Dairy,31-483-9201,Tagchat,50,66,1,2.5,2024-10-22,2024-12-07,2025-02-04,23560 Talmadge Center,76,73,Active,False,True,True,a67bdd24cf7c035093581eb063f8f6193b21d004547e022e72ff0f528e5f8a67
57-763-5501,Cod,Seafood,25-790-1641,Kwimbee,72,29,10,8.0,2024-03-06,2024-04-07,2024-03-24,46 Colorado Place,54,38,Discontinued,False,True,True,40d567f18aa2173968b7b1c2834e8539be7e614265ddabc8aa76c0ec30bc99bd
71-015-9181,Pomegranate,Fruits & Vegetables,56-196-9896,Tagopia,22,35,55,6.0,2024-08-30,2024-08-27,2024-10-26,62238 Mallory Place,41,27,Active,False,True,True,a04ae136128ac0fbaf6dae96a0f042a422a09613a6a49320fda058a695d1f4dc
14-115-8371,Chocolate Biscuit,Bakery,80-833-3051,Yakitri,23,76,70,5.0,2025-01-07,2024-09-19,2024-09-01,40 Cody Pass,97,38,Backordered,False,True,True,9514385ee784c6b281edbb8bb413521e73cef8455d9ddfad7f8f352c2b0d2ec0
83-568-3475,Halibut,Seafood,10-950-0546,Camimbo,35,72,70,20.0,2024-04-17,2024-04-04,2025-02-10,29150 Farmco Crossing,74,15,Backordered,False,True,True,17a02fba10b3e8deb31303d6d33bbe45d88dd1c57278ef8f9738fdfc585edf4c
79-884-8810,Cucumber,Fruits & Vegetables,14-108-0409,Dabtype,12,93,29,1.75,2025-02-20,2024-12-06,2024-08-15,546 Declaration Place,45,12,Backordered,False,True,True,d2bc35c062975bd9039d3c0088db03d4d64441f4cb913f395f7b7bd9baa03679
50-772-2613,Cheddar Cheese,Dairy,74-619-4608,Roomm,86,23,1,9.0,2024-06-20,2024-05-19,2024-03-23,7 Lunder Hill,100,86,Backordered,False,True,True,97b302c5da08955ab9c87d5c05701bb6c623e3356209ad85833a180fb1d8aadf
19-377-5021,Mackerel,Seafood,34-014-5873,Skynoodle,91,96,90,7.5,2025-02-14,2024-08-11,2024-12-24,884 Sloan Drive,90,75,Backordered,False,True,True,c6e8bf22ed685cc26e18ae65eb0735eea735bc4a1175c7a3cf0295420d24c906
39-913-2999,Evaporated Milk,Dairy,74-119-8973,Centimia,23,99,97,2.0,2024-06-09,2024-04-06,2024-04-10,15 Oriole Park,68,76,Discontinued,False,True,True,e5a3eb6861e77b2121c7ee5075cc5b901a7a6f1782bb8fc4257f7b75fdb4e883
46-911-1159,Onion,Fruits & Vegetables,30-820-2883,Voolia,98,40,100,2.0,2025-02-03,2024-10-30,2024-12-19,9171 Norway Maple Trail,46,9,Active,False,True,True,2f59d0b2ae8cb38c2c3c166d17778f55f16e2cd2142e86c1f34297aa11852249
40-630-1431,Cherry,Fruits & Vegetables,61-040-9004,Voomm,29,66,21,8.0,2024-10-29,2024-07-11,2024-11-07,8119 Homewood Drive,74,93,Discontinued,False,True,True,0a1b902b0818d037afcbf8b132e116a722d76eeda60e9c2660591e30a783d8cc
15-797-4824,Coconut,Fruits & Vegetables,46-830-4835,Mudo,32,27,26,5.0,2024-05-30,2024-11-20,2025-01-14,25923 Loeprich Junction,38,79,Backordered,False,True,True,2dacdaeed7961d8276bdc4dbe26d2eceb124fcb59c192ca4325e235e21682861
37-248-6266,Pear,Fruits & Vegetables,75-553-7424,Youspan,84,74,48,4.5,2024-12-24,2024-10-17,2024-05-24,7051 Calypso Place,64,32,Backordered,False,True,True,c2aba76cb531a05f0c2199e1a704624140139ed51ac0a7f3f963d734b91aba4f
22-760-4605,Yogurt,Dairy,01-495-9336,Bubblemix,86,20,67,1.75,2025-02-12,2024-07-07,2024-08-03,09264 Forest Dale Drive,83,82,Discontinued,False,True,True,c02223d0d85355acb4a860956db3f8c0366ac5825ab7a91714dbbcd300c6ab1f
80-020-8041,Black Rice,Grains & Pulses,66-684-1941,Wordware,11,58,26,6.2,2024-06-06,2024-12-03,2024-07-08,662 Vernon Point,49,34,Active,False,True,True,cc63ecfa8903fa0bd23b268dcd55ee6e7667aabaa283d544a847012d007c71f4
44-634-8292,Whole Wheat Flour,Grains & Pulses,48-557-5036,Quatz,60,69,64,2.75,2025-02-23,2024-03-09,2025-01-02,46 Orin Drive,51,6,Active,False,True,True,1fa40bb3146008c67942a40d89fb1653069ff3f50ba6a5ce37393241a1098eec
19-610-2236,Whole Wheat Bread,Bakery,53-799-3174,Mybuzz,58,48,9,3.5,2024-12-07,2024-08-03,2024-03-19,8524 Shelley Way,98,69,Active,False,True,True,e9bfb78f0c4e7ae7d6a0768f87b66264aabe3365b454040a8301b4f9215575c2
49-579-4325,Ricotta Cheese,Dairy,98-558-5813,Eadel,64,95,62,6.0,2024-05-24,2024-08-22,2024-05-17,6 Anniversary Circle,55,1,Discontinued,False,True,True,a2a9aa90ec479c7fba09e2923d6e872065e8bf6bded40e0e13003007c2aa4b1f
42-134-9798,Canola Oil,Oils & Fats,16-869-7328,Omba,19,80,87,2.3,2024-10-11,2024-10-23,2024-12-30,0087 Bluejay Plaza,33,38,Backordered,False,True,True,51450620c091e4d6fb516035a6964fc2c1cd439919f7e8ad65144ab45b97bea3
84-546-7624,Cherry,Fruits & Vegetables,34-730-9079,Gigazoom,43,41,100,8.0,2024-06-16,2024-04-08,2024-06-01,61057 Hallows Junction,27,78,Active,False,True,True,c3601651e4c3c6487b1605c61e95339e5c3b5f4cffb95e68fe550eea101578c2
11-891-8213,Peanut Oil,Oils & Fats,25-741-5987,Tagopia,38,62,47,4.0,2024-12-02,2024-12-12,2024-11-13,13 Westport Hill,41,34,Discontinued,False,True,True,a5df1df65cf84a26cd4c71625d4cbeaf259359f456f00daa208486406e21d9f0
03-597-9488,Buttermilk,Dairy,03-983-0515,Wordpedia,70,66,74,2.5,2024-11-11,2024-07-11,2024-03-28,53 Lawn Circle,47,77,Active,False,True,True,8ea34396a7fbe8c1bac62f4960274e4b6bbaf4a9cd6fd092fff1c1d54f76ebc6
89-624-7462,Asparagus,Fruits & Vegetables,39-506-2186,Jaxspan,18,3,39,5.0,2024-10-18,2025-02-16,2024-11-24,25 Drewry Alley,58,61,Backordered,False,True,True,b67cf8d0b5734d05fe31bfe9c4eb7b175a2303f88e8606db5745e92d2bac1d3e
89-335-0155,Brown Rice,Grains & Pulses,83-780-4531,Fivebridge,46,81,47,2.5,2024-09-05,2024-09-11,2025-01-16,9 Kipling Road,48,48,Active,False,True,True,f58a67385b4defd2a4fc16dbecb3827bc9f496bb3efe7648fa91016fd06d4674
59-725-4038,Arabica Coffee,Beverages,39-055-1703,Zoozzy,78,34,39,20.5,2024-11-13,2024-08-26,2024-08-23,697 Hoepker Center,62,2,Active,False,True,True,7e6482b17a11759801de5f56a8bdd33ccb982331c8727688bbee44a239bf8600
78-953-2073,Canola Oil,Oils & Fats,28-465-9141,Tagopia,53,20,75,2.3,2024-06-12,2024-10-01,2025-01-04,085 Reinke Pass,83,77,Backordered,False,True,True,07bf632fd214cb79c9fdf7d9343cba226ec361b7ee348492172e7601ea8d9df5
91-426-3204,Haddock,Seafood,86-184-4829,Geba,67,71,4,9.0,2024-12-19,2024-04-14,2024-07-08,269 Dakota Trail,76,34,Backordered,False,True,True,df88897123ef05514dc7183f477ccd18b95e879830ef5d10e09ccbff0e83ffff
40-913-9772,Egg (Chicken),Dairy,51-215-2283,Einti,36,30,44,0.2,2024-04-11,2024-03-03,2024-05-26,553 Hooker Trail,68,88,Backordered,False,True,True,0e82d1861fc3c601b5344491edc2619591e3b8bebf93d3ffcce6f5a979ae7014
89-922-4773,Whole Wheat Flour,Grains & Pulses,99-455-0707,Mudo,39,53,64,2.75,2024-06-22,2024-07-02,2024-12-27,11 Thackeray Hill,92,8,Active,False,True,True,febd70d72c290e37ac9e7005c3b191f4c333b5786ae52b9474690dcd0ad57f71
17-236-0566,Sweet Potato,Fruits & Vegetables,32-402-9679,Einti,95,87,13,2.0,2024-10-12,2024-03-02,2024-08-04,803 5th Alley,61,4,Backordered,False,True,True,e87c41616866690c10c9100522f33eb53ce785f92f7709ca42ba5a912ce1f55a
74-234-0628,Almond Flour,Grains & Pulses,49-559-7092,Shuffledrive,12,56,92,9.5,2024-05-08,2024-12-15,2024-05-13,2 Veith Crossing,56,6,Active,False,True,True,db9414d13a61a19233877f0769c0e41106ffa33733e6c2de1d56ed472b3aea7b
80-441-7249,Wild Rice,Grains & Pulses,35-979-6839,Yoveo,98,30,39,10.0,2024-11-25,2024-04-14,2024-08-10,652 High Crossing Lane,31,26,Active,False,True,True,3cfdbf4b888dc0d77c144b1e2d12cfe59809f902567202d73a1a53990c1a5a74
54-708-7327,Jasmine Rice,Grains & Pulses,46-316-6919,Linktype,50,14,99,4.75,2025-01-09,2024-03-28,2024-04-15,8182 Hazelcrest Place,52,75,Active,False,True,True,2c4ddf69831717d9ad3663de09c0b6388780925d161da85755ad47e6ade478eb
15-846-7959,Zucchini,Fruits & Vegetables,47-026-0505,Vidoo,98,14,11,2.5,2024-04-17,2024-12-01,2024-03-20,6251 Eliot Hill,48,38,Discontinued,False,True,True,938919b814b8a3941f0eb9d4519cb1bbd446b3317ce413625232cb89f8c9fb9b
44-368-7112,Corn Oil,Oils & Fats,85-978-7855,Devbug,28,32,71,2.5,2024-12-22,2024-05-02,2024-12-06,82 Hintze Court,32,49,Discontinued,False,True,True,2fbcf29ecdcf3a3e98c75f7fa9e2a62652c22f771c7442561ddc4238c332679f
03-833-3577,Cucumber,Fruits & Vegetables,87-032-6971,Kanoodle,67,14,25,1.8,2024-05-02,2024-08-20,2024-10-16,38 Killdeer Point,81,77,Active,False,True,True,f63ae37eb496964aa00bd6b5cd2d33525e2158d7cabe8e5333319152c1ef0046
47-548-6500,Onion,Fruits & Vegetables,27-061-4764,Devpulse,20,93,37,2.0,2024-10-20,2024-03-07,2024-12-25,06 Shopko Pass,23,2,Discontinued,False,True,True,015266bec928e181348ce7279cf382b70176ddeb6d03199f84fc1a80d45328ee
12-342-4482,Trout,Seafood,71-300-8176,Topicblab,67,83,90,11.6,2024-10-27,2024-09-30,2024-08-29,374 Blue Bill Park Point,66,77,Active,False,True,True,5b5359a1adf298d02de80b5d21510cf2404ef2884979fe3f8612b5e073a31c59
07-834-3320,Egg (Quail),Dairy,47-831-9154,Trunyx,94,60,78,0.8,2024-12-08,2024-03-07,2024-09-20,79 Monterey Avenue,100,42,Active,False,True,True,59da3694f762325690a19ca7628b82b0bfa498819d8c4266d3fb68d37f24eadc
16-187-5729,Black Tea,Beverages,79-366-7207,Zoombeat,45,58,84,5.0,2025-01-06,2024-03-21,2024-03-30,22555 Macpherson Plaza,90,67,Active,False,True,True,eb75a9255408955d3ae5bef114f6f63cfead1c8a0f87abae3e417c8cb3f0094a
64-109-7362,Anchovies,Seafood,38-603-6412,Voolia,86,55,96,10.0,2024-12-19,2024-07-09,2024-09-29,7 Harper Drive,37,53,Backordered,False,True,True,80d02d8a22414a80c11e3fbc1b5cb67de681646bfc62107cb627a129084c3218
06-655-5498,Wild Rice,Grains & Pulses,89-574-3430,Kayveo,72,82,52,9.75,2024-08-03,2024-07-09,2024-09-28,8569 Bashford Court,51,95,Backordered,False,True,True,3c4ab5e5a4e5a9a93223c9618a942411e881dd8f8d1cd6eec1bb6a2080554c1a
24-975-4231,Green Beans,Fruits & Vegetables,99-145-4924,Jayo,31,61,28,2.1,2024-03-10,2024-07-09,2024-08-17,62494 Longview Drive,55,70,Active,False,True,True,124e18775ecdfae240c9b9b803a152b802f156b68a5e6941dca7f6252159e196
98-652-9569,Butter Biscuit,Bakery,65-160-1426,Ooba,12,7,23,6.0,2025-02-06,2025-02-17,2024-06-23,32 6th Lane,72,16,Discontinued,False,True,True,e5481ecea3a5adac8a0cdf015f607de4e4b170e4493de7a775e28962855e1057
25-522-6043,Gouda Cheese,Dairy,29-122-7037,Kazu,71,93,75,7.0,2024-10-09,2024-08-19,2025-02-03,890 Eggendart Pass,77,58,Discontinued,False,True,True,b4b25a27a57bfb68b9bb4273a6a1a1c54184c6e4c7f49129283a823fe3fdcbf4
28-275-5901,Anchovies,Seafood,44-760-4337,Jatri,64,1,92,10.0,2024-04-05,2024-04-23,2025-01-24,4 Doe Crossing Avenue,49,15,Active,False,True,True,21a1a9d3960844d36c06e471f97eda0d53ed3945c0f17a9cb2750cc1f934210b
96-164-0607,Coconut Oil,Oils & Fats,15-655-3923,Browsezoom,89,79,66,5.0,2024-07-31,2024-12-20,2024-10-17,1275 Lawn Center,91,31,Discontinued,False,True,True,9f29237c6ed9a0ad4c286d6ac655b8d553477840c3083f980e3b79ac09d586e7
93-815-0565,Sesame Oil,Oils & Fats,56-422-1480,Jaxworks,50,36,96,6.5,2024-12-12,2024-08-12,2024-07-01,8868 Armistice Place,53,73,Backordered,False,True,True,1e7ac05e2940e8a6bee4d5c83c8d9f9b977478db203f1e0e62dfcdfb658c6725
63-918-8253,Mango,Fruits & Vegetables,94-157-1762,Devpulse,53,98,23,5.0,2025-02-24,2024-07-04,2024-09-29,917 Westerfield Terrace,41,84,Backordered,False,True,True,6691c1c2a006225f53970513918c75fa82f0c4f039d71b2cce1865a56df614c8
57-167-0669,Haddock,Seafood,30-934-3251,Rhybox,19,99,78,9.0,2024-11-21,2025-02-17,2024-12-30,1005 Lyons Junction,29,54,Discontinued,False,True,True,59650058bc27d56480e0e063f2cbbc8373615d1514af64d4891507866c38261c
52-402-9245,Broccoli,Fruits & Vegetables,37-519-7762,Plajo,89,40,64,4.0,2024-10-16,2025-02-12,2024-09-19,185 Stone Corner Parkway,93,48,Active,False,True,True,d5e498f78d9e3835c0441c76f63693d9d023695545a4114cc7276810fe9fa393
17-647-0503,Cod,Seafood,69-416-9493,Katz,96,12,8,8.0,2024-05-11,2024-05-24,2024-08-20,0 Village Green Street,97,92,Active,False,True,True,dae72ed671071c24a83ec551a21b45a5008daff532f6ecb175b018dfd07da7fd
67-984-5368,Parmesan Cheese,Dairy,39-714-7313,Yakidoo,52,56,34,12.0,2024-09-27,2024-10-04,2024-07-28,0 Fordem Place,31,69,Backordered,False,True,True,c35f39eeed5a29a0723670bd78c5858dada4483bf7b469a03c2e088d33f05d47
77-827-0820,Sesame Oil,Oils & Fats,46-590-7639,Youopia,97,20,8,6.5,2024-06-16,2024-11-06,2024-11-09,8851 Superior Park,51,51,Active,False,True,True,7cd6c36448c09fc3445f7367b67abcddfa4ece84f08bcb88fbf5e0b2a3dd7f77
27-387-0428,Halibut,Seafood,62-312-2748,Camido,88,42,68,20.0,2024-06-23,2024-11-29,2024-04-09,1715 Dottie Pass,92,29,Active,False,True,True,1b55d52ddd02bb554d4e2cfd993c519b32953bd28c1bc10441a9e7cb22888a9c
79-350-5841,Jasmine Rice,Grains & Pulses,81-676-3345,Gabvine,33,44,89,4.75,2024-03-15,2024-09-05,2024-04-17,75 Cascade Avenue,93,19,Discontinued,False,True,True,2465e4a214ea395f5711744c7ca213660256d81a72bfd3eca19efece9b9b2fa2
44-128-2185,Jasmine Rice,Grains & Pulses,79-091-7381,Katz,98,20,81,4.75,2024-08-14,2024-07-10,2024-12-30,012 Mockingbird Court,51,23,Backordered,False,True,True,b066816f027435c4ee73bb6425ce210e08dba5100ec5d5e9b8f7474b12ce24da
48-789-9187,Peach,Fruits & Vegetables,95-944-5323,Browsetype,45,79,95,4.0,2024-12-06,2024-06-26,2024-11-15,41 Stephen Crossing,84,62,Backordered,False,True,True,a67dfc82008ac47a3aa5d67424e5b7634cb92d202b10c9f7b6bf0bdfed821452
21-809-7115,White Rice,Grains & Pulses,57-774-4116,Tagcat,80,86,50,1.8,2024-05-05,2024-07-22,2025-02-24,3053 Sachs Center,46,69,Discontinued,False,True,True,ee88a9e9e48059a4248c153575f97acd1a97e443233e32c4ba463b258926b691
19-323-0506,Halibut,Seafood,28-977-3789,Skidoo,68,43,96,20.0,2024-11-17,2024-04-28,2024-10-15,5 Ohio Lane,75,35,Backordered,False,True,True,7f20f2d513e00506b8be24b759044b129960c624e497909234e3e79b7af8b219
04-637-8815,Apricot,Fruits & Vegetables,60-959-6355,Zoonder,90,91,62,5.0,2024-11-24,2024-11-27,2024-11-24,537 Maple Alley,34,72,Active,False,True,True,cae0c420b60ac08901aee8ed89eff0117db5927d98cfd9df2f7d8474a549c194
60-644-6596,Trout,Seafood,32-745-8366,Rhynoodle,89,67,89,12.0,2025-02-14,2025-01-05,2024-11-10,22 Hudson Pass,96,42,Discontinued,False,True,True,ddcb6fc200666ed5417fb6e789403b88091328c12ec5f25541b4d6b17bc6be9d
58-005-5343,Cucumber,Fruits & Vegetables,83-401-2709,Youbridge,38,94,87,1.8,2024-05-27,2024-05-03,2024-08-21,43211 Lakeland Place,89,100,Discontinued,False,True,True,b8197d8cb93862d5e5fa31352e232236ebe1cc5bb9cf60f5e3c10ab44e2c91df
67-382-4435,Green Beans,Fruits & Vegetables,49-901-0828,Fivespan,99,37,74,2.1,2024-07-25,2024-12-21,2024-03-02,92 Bartelt Terrace,46,46,Active,False,True,True,6f1a48b3db8f3730071edeaa281424d33476f955a5b99b482f2e1f622e7362e2
09-335-7793,Powdered Sugar,Grains & Pulses,96-918-7047,Topicshots,66,19,20,2.4,2024-09-18,2024-09-07,2024-06-01,5649 Vidon Plaza,30,49,Active,False,True,True,d8f708da30e510db1942a05fa7cb1f5d1b24fc9e281786177e87b7b283205056
46-496-2930,Pomegranate,Fruits & Vegetables,29-295-9755,Eare,66,28,7,6.0,2024-04-27,2024-10-26,2024-08-14,156 Golf Course Alley,85,6,Backordered,False,True,True,78baebf2549835e2976a297f9fa2f0657721fed01adf9bd277ba248e724c33f8
35-353-4068,Bread Flour,Grains & Pulses,44-199-6832,Jetpulse,64,11,97,1.5,2024-12-26,2024-12-18,2024-07-05,8583 Northwestern Terrace,33,83,Discontinued,False,True,True,e268a6afcba5e7b70c826507fcc9715f85b6299f4f0d3c035084ab075effba0d
45-050-4720,Black Rice,Grains & Pulses,98-791-5014,Voonder,18,78,43,6.0,2025-01-04,2024-07-05,2024-03-13,7 Ridge Oak Pass,85,97,Active,False,True,True,f96e1a0045c6f45f8eb6918b48d12362198fdda2a31fe0b5afabe5ec926ee13c
87-104-0187,Whole Wheat Flour,Grains & Pulses,41-881-1166,Rhyloo,86,100,78,2.75,2024-04-06,2024-05-28,2025-02-05,0 Moose Lane,52,91,Backordered,False,True,True,d58a1b00acc03afa2c3b469e5a830ad0fe2f8140960dead0cff8d340ec3d32ab
85-806-8672,Black Tea,Beverages,44-646-7502,Kare,35,88,87,4.7,2024-04-05,2024-10-12,2024-11-21,24 South Trail,39,62,Active,False,True,True,8802e21ac5e6a393d2383afcc0cffd858948c5f3236d78b4c05829fffad1ed85
54-281-3746,Green Beans,Fruits & Vegetables,08-824-4585,Viva,26,70,52,2.0,2024-09-07,2024-03-10,2024-11-03,00 Ridgeway Plaza,36,10,Discontinued,False,True,True,43fa4e1c0830f4fab8036f4dad108efa110124446edd2bb901e1edb4c9cd6bad
35-257-9312,Parmesan Cheese,Dairy,35-927-4986,Photospace,80,100,48,12.0,2024-08-18,2024-10-12,2024-04-06,9463 Northland Court,100,28,Backordered,False,True,True,b24a369c6d62bda06a0d69e6906d7a11fbc84d0bd51bffd11632531695a1fa2d
63-897-8088,Zucchini,Fruits & Vegetables,82-313-4469,Skibox,63,56,33,2.5,2025-01-09,2024-06-07,2024-10-16,7944 Elgar Alley,35,16,Backordered,False,True,True,4ecbe1ac3c14ebc5b515a12282fcb7b2efd832aa44e92a15ea425ecccd634941
24-986-5091,Vanilla Biscuit,Bakery,51-076-1164,Ozu,89,22,23,5.5,2024-05-12,2024-06-25,2024-08-14,88 Lighthouse Bay Crossing,83,25,Discontinued,False,True,True,ce413d4281ab0bc3346bb53527c74be3bfd3beef914c54a7aa375031d3d19e4b
17-504-3699,Sweet Potato,Fruits & Vegetables,81-276-8218,Jaxworks,80,60,71,2.0,2024-10-08,2024-06-15,2024-08-17,18 Daystar Parkway,98,13,Active,False,True,True,8808b4b1a8c5cf8ccfa685b5aa2c961ed1e30e7bf08f05c0ef25c4d6e1d552d3
23-395-3157,Vegetable Oil,Oils & Fats,48-538-8538,Tagtune,41,66,50,2.0,2025-02-18,2024-07-30,2024-03-16,74 Sugar Plaza,55,74,Backordered,False,True,True,12c859be5412e63b85c9bf1722aab1d0c53401b575fe4ce6ebdd38efc03ba283
28-107-4953,Chocolate Biscuit,Bakery,01-165-8830,Babbleblab,53,19,94,5.0,2024-03-29,2024-11-12,2024-10-18,29755 Daystar Street,82,56,Discontinued,False,True,True,e1238b34667566725849490f32afe3e92c42074956b2eeb4a81c412004e948ae
46-083-7058,Haddock,Seafood,26-730-0925,Devshare,61,91,40,9.0,2025-01-08,2024-08-27,2024-06-09,21530 Prentice Place,34,76,Active,False,True,True,4342f3cbb6690822a3184636a5afd51b3870a259557424c77ec6e4eb8d099a07
68-436-1268,Egg (Duck),Dairy,10-694-6636,Aivee,70,92,74,1.0,2024-11-30,2024-08-17,2024-07-11,1 Mockingbird Parkway,95,26,Backordered,False,True,True,7787877fc7d4513341000ab3a8d9298e135c16df71d5cd0c44a5abd1a382009f
93-198-5984,Mango,Fruits & Vegetables,86-441-7850,Skalith,73,69,1,5.0,2024-11-05,2024-05-14,2024-09-17,54706 Prairieview Point,50,67,Active,False,True,True,3bbc0f40c9bf0a2090b7fc92778f84127869b0835c652f9da5eaafd207e4495c
24-571-1080,Kale,Fruits & Vegetables,07-520-1107,Devshare,60,15,89,4.0,2024-06-07,2025-02-21,2024-04-11,5325 Milwaukee Lane,21,29,Discontinued,False,True,True,04969b387de1bf0c9f6977e595e6879e6e5efd9c1e3a52eb97ea8f8913ccc07a
73-874-7534,Pomegranate,Fruits & Vegetables,12-566-2563,Twitterwire,88,24,44,6.0,2024-11-05,2024-11-08,2024-12-18,901 Norway Maple Crossing,72,88,Backordered,False,True,True,ef289ad69b11c6824a5613c26e288e7b79c7bcb46f95a63fce688cbf490b6f1f
07-337-9889,Cauliflower,Fruits & Vegetables,84-949-8378,Twitterwire,95,6,59,2.5,2024-12-31,2024-08-15,2024-09-29,4 Loomis Way,49,77,Active,False,True,True,7e9bd10601a340dc84ff12d8acd8b88885cd824c0c5adbd2e6d644c0c5eb04c3
28-197-9246,Powdered Sugar,Grains & Pulses,31-281-2352,Riffwire,47,30,16,2.5,2024-03-10,2024-07-11,2024-05-23,8499 Hanover Terrace,22,81,Active,False,True,True,97d72937631b1fe0e191aff7dbcac4fc692f393a42b861641585ceb08f901292
83-400-9746,Mozzarella Cheese,Dairy,02-510-0629,Eidel,24,1,65,7.0,2024-11-18,2024-07-12,2024-02-29,40 Merchant Terrace,58,61,Active,False,True,True,f1f8c1601e809fb0a50e7fbb0af5f198a185b94ccca7e008b5640a9afd9ece2b
24-579-6500,Anchovies,Seafood,60-309-5783,Zoovu,93,51,70,10.0,2024-04-22,2024-06-12,2024-09-04,4 Stang Place,81,18,Active,False,True,True,e61284c36d2f74ff60087fc0059c0c83e74c5fd5e7bda5f60f1536a69fb09174
64-418-8356,Sunflower Oil,Oils & Fats,91-451-2016,Ooba,80,24,60,2.5,2025-01-21,2024-11-13,2024-04-28,1 Green Hill,98,38,Active,False,True,True,b82ca14c2db5c51075966739a432bfb2c277e23366ad132d8d33021bf5d147c5
15-884-7413,Apple,Fruits & Vegetables,39-412-7454,Geba,77,58,13,3.5,2024-06-22,2024-05-23,2024-04-16,6225 Westend Pass,63,28,Discontinued,False,True,True,827697a840d604202b8490a9b5894110bad4f8f36c64f7653f387525d941cde9
79-494-2472,Green Beans,Fruits & Vegetables,04-391-8892,Kanoodle,42,48,18,2.0,2025-01-09,2024-04-19,2024-04-23,1615 Bellgrove Crossing,39,57,Active,False,True,True,89e96fb52e9bbc345d5ebf3868e72375342413e32b87055332e84848f4851dc9
36-177-0573,Egg (Turkey),Dairy,62-687-0951,Oyondu,92,1,23,2.5,2024-08-27,2024-10-02,2024-04-13,35 Portage Road,78,36,Discontinued,False,True,True,d5c8f0c91fa7c07cde391c1965da31e327a181a08dab4eea5fa2759a0d82dda9
79-920-2395,Mushrooms,Fruits & Vegetables,70-825-7341,Chatterpoint,81,23,17,6.25,2024-05-26,2024-05-08,2024-07-16,911 Merry Junction,92,78,Active,False,True,True,fdd9e4554a97574f5fa22182a48f438bd50d8f1ceec961422d5e6e0086fafc8e
96-961-2193,Jasmine Rice,Grains & Pulses,71-467-4910,Babbleset,46,39,11,4.75,2024-10-10,2024-08-16,2024-11-10,63578 Butternut Hill,36,54,Active,False,True,True,6882c2aa92c8c08a1154ab9b5426f3e37e5d040fb679f10112a9244f641a2982
69-578-7930,Brown Rice,Grains & Pulses,37-728-5274,Flipbug,44,67,31,2.5,2024-07-14,2024-03-18,2024-06-05,83291 Hansons Crossing,44,72,Discontinued,False,True,True,ea9c4b24f073afb79c4e74129b6db5a66b14b9e16518f82df20af1dba6c92677
40-205-8252,Multigrain Bread,Bakery,68-493-0378,Innojam,38,37,27,3.5,2024-06-14,2024-10-05,2024-07-14,883 Marcy Place,45,88,Backordered,False,True,True,b31d0d08fe2c0694be04c148e9855a30dd02664a13f217fd63e7a96f821a458b
18-107-7886,Evaporated Milk,Dairy,11-466-3182,Demivee,64,28,35,2.0,2024-11-05,2024-11-07,2024-02-27,55309 6th Junction,74,50,Active,False,True,True,cbf5ff36a8f312d6901056fc775572a88d59fa1c02d99de12695150ca1bc962c
35-328-8392,Long Grain Rice,Grains & Pulses,52-340-4509,Ainyx,39,2,71,1.45,2024-04-29,2024-03-18,2024-04-21,09 Londonderry Hill,20,70,Backordered,False,True,True,6022c9beb5222608ae4df64e16bbd1af108ba16b17c5c124e0d4f57435741c49
21-650-9319,White Bread,Bakery,73-445-3017,Jazzy,42,88,95,2.5,2024-03-28,2025-01-28,2024-04-24,4 Hagan Court,67,94,Backordered,False,True,True,f67be2df305138178f62706fbc01aafc8da72f6bd1d89788035e29dcf20b8c13
99-894-4351,White Sugar,Grains & Pulses,45-602-6533,Devpoint,29,54,54,2.0,2024-10-27,2025-02-24,2024-12-25,185 Saint Paul Road,58,63,Backordered,False,True,True,4562f18d16d7e91355aea5fb77458c5e7de7fec85a7ac0696ab9489a2b851a0d
63-168-6018,Cucumber,Fruits & Vegetables,01-853-2191,Bubblemix,60,63,81,1.8,2025-01-26,2024-10-03,2024-05-01,0847 Artisan Hill,74,31,Active,False,True,True,c31c9b04aa322cbc6ff07ec05b985788486df902222975e78c699a98e29dedcd
26-000-1012,Parmesan Cheese,Dairy,60-284-1974,Quatz,65,54,29,12.0,2024-11-30,2024-11-29,2024-04-12,3 Bayside Point,69,79,Backordered,False,True,True,d89ed93a0cf02a717b62b04cd72611f450938e494c1c84e97168e860be314588
13-900-9016,Bell Pepper,Fruits & Vegetables,63-969-9608,Meetz,89,96,94,4.5,2024-06-10,2025-01-06,2024-09-19,521 Burning Wood Trail,38,96,Discontinued,False,True,True,208034b1de686ab4ee96c9d82fe3fac11a16e4ccca9b657a08f1a6cb3d67f8ef
88-408-0310,Corn Oil,Oils & Fats,91-002-3027,Flipopia,50,40,69,2.5,2024-06-30,2024-03-31,2024-08-26,5 Mesta Center,28,98,Active,False,True,True,26587a0f0e6d73e581263e3c60fc6f55fe79882ccd436f40a93ec713c9db9159
73-997-6251,Bell Pepper,Fruits & Vegetables,17-167-4304,Livetube,94,18,84,4.5,2025-01-04,2024-10-15,2024-09-17,1666 Dayton Terrace,44,49,Discontinued,False,True,True,641d28fd946f07f4bcb01a0956b8db86152cd8fccb6eb1ee1b7ec2198e9f8224
50-679-2072,Canola Oil,Oils & Fats,81-588-5701,Thoughtmix,97,32,43,2.3,2024-10-06,2024-05-03,2024-05-30,20 Butterfield Lane,82,98,Active,False,True,True,dc12451846b13f7730d5f9938590c601140c641f0e6b8e94659f02918242a181
89-673-1543,Digestive Biscuit,Bakery,43-679-7350,Lajo,72,78,1,4.0,2024-11-10,2024-03-28,2025-01-03,297 Petterle Way,85,30,Discontinued,False,True,True,9cd160530a869191d90b69c87e20991323158a2d27d3026d342a9d2fd2801949
56-937-8675,Cream,Dairy,37-996-3243,Trilith,62,91,14,2.5,2024-09-21,2024-05-31,2024-12-08,668 Claremont Place,41,77,Discontinued,False,True,True,ac84924d4ec52df29ad3ca33cf08fe0eab8a410cdf1876768694758283c2742a
14-836-2894,Apple,Fruits & Vegetables,82-157-4299,Jabbersphere,44,92,92,3.5,2024-03-08,2025-01-11,2024-09-25,2 Hooker Terrace,41,61,Active,False,True,True,0965c4420c74f2437dfaf60ce3cbdc88648b488df15a46bbde798caa6203de12
87-903-3486,Peanut Oil,Oils & Fats,90-378-8463,Twitterbeat,21,25,39,4.0,2024-07-30,2024-09-10,2024-02-29,99 Twin Pines Alley,79,30,Active,False,True,True,785e611745a4ea038c2f541bd8bdad40e5ebfdd1c51af4c1caf0863981bf953f
07-617-6934,Coconut Sugar,Grains & Pulses,48-700-8059,Feedfire,91,39,48,5.0,2024-03-31,2024-12-21,2024-11-16,9262 Sullivan Crossing,48,18,Active,False,True,True,017ca1d8883956c91ef5e97f942cd43f44fb87bf7a7ae85b9244c6224342c6d3
31-403-6234,Tuna,Seafood,00-258-2525,Thoughtbeat,87,24,66,18.0,2024-05-20,2024-11-24,2024-05-04,35 Waxwing Center,22,34,Active,False,True,True,b0bf72b6b92ceb0d133af08d99d4d6ffb33b480078111e36e8b362ebe7dc47ec
29-092-3453,Spinach,Fruits & Vegetables,41-867-9911,Youbridge,61,17,69,2.52,2024-05-22,2024-05-07,2024-06-17,676 Redwing Trail,31,29,Active,False,True,True,afa3c1bc519bffe4cdffadb9a16af336d88057cc805c4af0a46d9ef9358d2e68
34-709-9237,Carrot,Fruits & Vegetables,66-680-8738,Gigaclub,61,81,99,1.5,2024-10-27,2024-03-13,2024-04-24,1509 Hoard Circle,26,76,Discontinued,False,True,True,28f97596b30e6eb87e857d06002d32e61a1b6c8a83fa69ff61e989588582bf6c
13-962-6263,Sweet Potato,Fruits & Vegetables,26-061-5253,Trupe,49,1,28,2.0,2024-12-01,2024-12-23,2024-11-18,7015 Ramsey Lane,97,95,Active,False,True,True,32d1a36fa470cabaabceae686a0324c507730bf6bb92c36f61f4ae7c55eadbae
06-731-2162,Lemon,Fruits & Vegetables,17-546-8875,Meejo,87,1,98,2.5,2024-04-07,2024-10-07,2024-07-19,30968 Anzinger Court,61,84,Discontinued,False,True,True,95d424a904154267685d26c7766af0d9e0d4b93ed5e3753325c420806fd4a87e
10-768-2443,Multigrain Bread,Bakery,44-451-2764,Katz,93,55,95,3.25,2025-02-11,2024-03-05,2024-12-19,4 Orin Lane,56,72,Backordered,False,True,True,3a0981114de8301d4808e2b280898995d034a4fd8304e4dffa45d4c0981b09a9
36-372-2295,Basmati Rice,Grains & Pulses,85-823-7428,Skimia,55,13,71,4.45,2024-04-26,2024-10-22,2024-04-14,98 Bartillon Trail,37,4,Backordered,False,True,True,3e2e03e17e2051776c563baf1a51c005b0a9c2e635d263be2ed4d4c03021235d
34-538-1180,Sour Cream,Dairy,40-907-4937,Voonder,29,39,80,4.0,2024-05-29,2024-11-03,2024-04-06,19 Aberg Trail,23,85,Backordered,False,True,True,5aa8da579cec20bc4f117d2bb915809aee6875ce5ce1ed07bf8ee4855805c0ae
98-148-0940,Egg (Chicken),Dairy,06-175-9657,Babblestorm,63,62,18,0.2,2024-04-17,2024-04-02,2024-11-05,588 Waywood Trail,67,17,Active,False,True,True,eafc4a0302de34b740827ac2b65779b77cdf6de8d576a35dc32728a7ff6d79e6
38-390-2115,Potato,Fruits & Vegetables,12-433-6490,Rhyzio,42,69,54,1.2,2025-01-19,2024-03-06,2024-03-01,3 Del Mar Point,43,96,Active,False,True,True,43b455ec23d9ed71eed6005aee617a450fffbc528b606819feeff67f17f3a7ac
02-974-8526,Onion,Fruits & Vegetables,09-387-1119,Mudo,74,4,39,2.0,2024-12-26,2024-04-05,2024-08-07,42 Green Ridge Terrace,97,24,Backordered,False,True,True,cd02e36fa574d35d9f828a172829536da0577d3cb80bca0dca0bbb6ea5f5f239
29-377-7040,Short Grain Rice,Grains & Pulses,59-979-6740,Brightdog,22,77,15,3.0,2024-04-11,2024-05-29,2024-07-29,9431 Clarendon Pass,68,46,Active,False,True,True,28bd6be07552847831ec3aec8eebca323a54ee8fe8f69b109f3c952a497028d2
84-327-7787,Egg (Chicken),Dairy,97-571-0561,Bubblemix,83,35,43,0.2,2024-08-14,2024-08-26,2024-09-06,739 Rowland Way,94,68,Discontinued,False,True,True,08c30291b153a87b96650957fb90e378401480edad8cc7900acd0444568a7bcc
82-231-4245,Wild Rice,Grains & Pulses,96-177-4040,Kayveo,32,91,80,10.0,2024-10-18,2024-08-28,2025-01-16,77 Monument Court,69,80,Discontinued,False,True,True,e23093e1c76e767b5721efa3fcf5b8586ecc262ac8033692adff8ad52de163c0
70-005-5970,Apple,Fruits & Vegetables,18-490-4140,Skaboo,84,46,80,3.5,2024-05-18,2024-10-02,2024-12-24,82955 Dayton Street,66,84,Discontinued,False,True,True,912263dd83a7b30e9b1daee990dec4ff73562ce3f57955129fdbfa798d2f25ee
63-936-0145,Plum,Fruits & Vegetables,69-415-3675,Thoughtbeat,22,56,72,4.0,2024-04-09,2024-06-08,2024-12-03,95 Kingsford Terrace,70,39,Discontinued,False,True,True,c16e1933bad52c2d0b0cb5413d76b130153c945025842d2daec059cf70806499
08-196-2703,Peas,Fruits & Vegetables,34-315-1199,Youbridge,100,52,2,3.0,2024-03-08,2024-11-29,2024-10-17,56 Esker Park,86,70,Backordered,False,True,True,428ded55676cb8304ab811cc6d15a0362578f5b0a2366fbec8929260b90cba54
22-778-3553,Cheddar Cheese,Dairy,49-590-1752,Quaxo,36,77,49,9.0,2024-04-10,2024-10-24,2025-02-09,0782 Dapin Avenue,30,84,Active,False,True,True,6e82e176d034e923fc1844fa3dc4180c781ea09c3991ad09868c35772142b92f
37-610-1999,Halibut,Seafood,19-985-9694,Wikizz,14,67,65,20.0,2024-03-14,2024-10-19,2024-10-19,3 John Wall Point,71,94,Discontinued,False,True,True,bc7bddc31d040c5579f6c2cc8be84da75994d2b2e05ffb90106bfea638aca58d
09-618-2842,White Sugar,Grains & Pulses,68-415-1025,Yambee,38,82,17,2.0,2024-12-29,2024-03-21,2024-08-06,642 Arizona Point,52,47,Discontinued,False,True,True,1b4ba6f2e2eb4d44b76a92daf6afe1ef85e79d554f059ffb510752ccfa0329c8
28-968-4195,Eggplant,Fruits & Vegetables,17-562-1176,Blogtag,97,52,80,3.0,2025-01-19,2024-07-17,2024-10-13,5 Loftsgordon Trail,22,90,Backordered,False,True,True,ae92b8cb724f90959a66a77a562fecf494fc4fe7e1284addc96bec346883c41d
55-680-0982,Green Tea,Beverages,57-412-5368,Jetpulse,64,66,28,8.0,2024-05-28,2025-01-14,2024-08-19,0 Sutteridge Trail,25,52,Discontinued,False,True,True,d71ed346fdbfb0acd2cf5b9b2dcf5e28b22d61f3037d7d6a367227f6bca737de
43-851-9440,Lime,Fruits & Vegetables,67-674-0287,Camido,14,75,19,1.9,2024-12-24,2024-05-11,2024-03-04,4033 Sloan Hill,100,84,Backordered,False,True,True,85c0cd191771d5b3363df825ad60ba981aa87c8f7c073e321366a3344240a2d4
14-331-3739,Avocado Oil,Oils & Fats,87-159-6467,Voolith,24,89,27,10.0,2024-04-10,2024-10-15,2024-03-28,8 Thackeray Drive,99,1,Discontinued,False,True,True,66823a0148c1d27450b2dae6972247866fa36483153e67722ab58a36fbad16d5
54-830-6971,Tilapia,Seafood,94-006-6480,Dynava,100,61,21,7.0,2024-09-21,2024-12-25,2024-05-18,674 Ryan Alley,85,79,Backordered,False,True,True,3b2d39cf6fefbd02519d7fafb71d14b246ddf1c714d93b1fc5c37d42c3cda330
53-008-2419,Jasmine Rice,Grains & Pulses,86-841-6074,Skyba,62,36,96,4.75,2024-04-03,2024-04-10,2024-05-27,63 Debra Park,31,25,Discontinued,False,True,True,f1a3a52e36f1e4ad8a39d012638d5afe405aee9db69062a3598b0a75b8f4db23
39-358-3340,Basmati Rice,Grains & Pulses,86-841-4440,Yamia,71,60,62,4.5,2024-08-27,2024-03-25,2024-03-14,308 Doe Crossing Pass,60,63,Discontinued,False,True,True,28fbff57ddd40a02a664ecc5dfec831ed27e340456da6343b99b32d92aeb63dc
28-146-2641,Parmesan Cheese,Dairy,82-995-0739,BlogXS,38,67,66,12.0,2024-04-01,2024-12-21,2024-04-08,73 Graedel Street,35,24,Discontinued,False,True,True,64910574d4249d8f8026935e300a9f6bfaa51457c938065933c0f76f55727b64
83-556-0996,Powdered Sugar,Grains & Pulses,81-234-0741,Jabberstorm,88,34,94,2.4,2024-12-27,2025-02-20,2024-10-30,53 Forest Run Plaza,95,63,Active,False,True,True,0fb21e338d7b0a6e015488539652acadff1ec3cb9bb087dbbf889e565dc5ea43
53-805-9523,Sourdough Bread,Bakery,99-864-0256,Rhyloo,40,30,65,4.5,2024-07-02,2024-03-19,2024-05-14,94 Mallory Center,54,29,Active,False,True,True,5a914feb17467c23f7ed02b8a8037babdc2c0fd292106bd231eb5d2b5b83cbb6
82-977-7752,Spinach,Fruits & Vegetables,57-473-8672,Shuffledrive,88,78,17,2.5,2024-09-06,2024-12-28,2024-11-04,58 Corscot Terrace,58,21,Active,False,True,True,fe9950bc269f7ef49d2391255b6632b48f6c1f874267bd137226285c3362519a
62-393-9939,Cheddar Cheese,Dairy,93-877-9384,Gabcube,60,9,89,9.0,2024-06-01,2024-06-02,2024-10-05,5 Oxford Pass,95,63,Active,False,True,True,1b56f32e57b422df9b620c95aeb3d43f68a448d7c4b9e7e9780f84dab076a629
31-745-6850,Cabbage,Fruits & Vegetables,96-215-2767,Lajo,94,90,12,0.9,2024-10-03,2024-10-24,2024-11-01,081 Jana Lane,98,71,Active,False,True,True,6124f5b3c0b3a7bdec85ddb90246eb6b35ae34fb21c228b4a57d16c14cd903b0
86-692-2312,Avocado Oil,Oils & Fats,77-783-4107,Dazzlesphere,30,48,52,10.0,2024-06-11,2024-12-07,2024-04-30,00616 Manitowish Parkway,22,78,Active,False,True,True,d5b35df49166094086b1cdaf9fe49085a600d29019e12ca796d24c09e568d904
28-044-4102,Papaya,Fruits & Vegetables,93-358-1118,Yakijo,19,28,83,4.5,2024-11-26,2024-03-01,2024-08-27,309 Burning Wood Center,91,73,Discontinued,False,True,True,511d1a0d90bd2e1be719e4decf38836ff72f61ec94146dabbf464ab08144d76a
